"Molecule ChEMBL ID";"Molecule Name";"Molecule Max Phase";"Molecular Weight";"#RO5 Violations";"AlogP";"Compound Key";"Smiles";"Standard Type";"Standard Relation";"Standard Value";"Standard Units";"pChEMBL Value";"Data Validity Comment";"Comment";"Uo Units";"Ligand Efficiency BEI";"Ligand Efficiency LE";"Ligand Efficiency LLE";"Ligand Efficiency SEI";"Potential Duplicate";"Assay ChEMBL ID";"Assay Description";"Assay Type";"BAO Format ID";"BAO Label";"Assay Organism";"Assay Tissue ChEMBL ID";"Assay Tissue Name";"Assay Cell Type";"Assay Subcellular Fraction";"Assay Parameters";"Assay Variant Accession";"Assay Variant Mutation";"Target ChEMBL ID";"Target Name";"Target Organism";"Target Type";"Document ChEMBL ID";"Source ID";"Source Description";"Document Journal";"Document Year";"Cell ChEMBL ID";"Properties";"Action Type";"Standard Text Value";"Value"
"CHEMBL1981481";"";"None";"479.56";"0";"3.34";"SID99358891";"O=C(Nc1ccn(CCCN2CCN(Cc3ccc(F)cc3)CC2)c(=O)n1)OCc1ccccc1";"IC50";"'='";"19958.0";"nM";"4.70";"";"inactive";"UO_0000065";"";"";"";"";"0";"CHEMBL1963907";"PUBCHEM_BIOASSAY: TRFRET-based biochemical high throughput dose response assay for inhibitors of the interaction of the Ras and Rab interactor 1 protein (Rin1) and the c-abl oncogene 1, non-receptor tyrosine kinase (Abl). (Class of assay: confirmatory) ";"F";"BAO_0000019";"assay format";"None";"None";"None";"None";"None";"";"";"";"CHEMBL3885630";"Ras and Rab interactor 1/Tyrosine-protein kinase ABL1";"Homo sapiens";"PROTEIN-PROTEIN INTERACTION";"CHEMBL1201862";"7";"PubChem BioAssays";"";"";"None";"";"";"";"19.958"
"CHEMBL1469526";"";"None";"327.82";"0";"4.21";"SID26663662";"Cc1ccc(C2N(c3cccc(Cl)c3)C(=O)N3CCCN23)cc1";"IC50";"'='";"11110.0";"nM";"4.95";"";"inactive";"UO_0000065";"";"";"";"";"0";"CHEMBL1963907";"PUBCHEM_BIOASSAY: TRFRET-based biochemical high throughput dose response assay for inhibitors of the interaction of the Ras and Rab interactor 1 protein (Rin1) and the c-abl oncogene 1, non-receptor tyrosine kinase (Abl). (Class of assay: confirmatory) ";"F";"BAO_0000019";"assay format";"None";"None";"None";"None";"None";"";"";"";"CHEMBL3885630";"Ras and Rab interactor 1/Tyrosine-protein kinase ABL1";"Homo sapiens";"PROTEIN-PROTEIN INTERACTION";"CHEMBL1201862";"7";"PubChem BioAssays";"";"";"None";"";"";"";"11.11"
"CHEMBL1901645";"";"None";"278.31";"0";"3.89";"SID92764443";"COc1cccc2c3cccc(OC)c3c3[nH]cnc3c12";"IC50";"'='";"15845.0";"nM";"4.80";"";"inactive";"UO_0000065";"";"";"";"";"0";"CHEMBL1963907";"PUBCHEM_BIOASSAY: TRFRET-based biochemical high throughput dose response assay for inhibitors of the interaction of the Ras and Rab interactor 1 protein (Rin1) and the c-abl oncogene 1, non-receptor tyrosine kinase (Abl). (Class of assay: confirmatory) ";"F";"BAO_0000019";"assay format";"None";"None";"None";"None";"None";"";"";"";"CHEMBL3885630";"Ras and Rab interactor 1/Tyrosine-protein kinase ABL1";"Homo sapiens";"PROTEIN-PROTEIN INTERACTION";"CHEMBL1201862";"7";"PubChem BioAssays";"";"";"None";"";"";"";"15.845"
"CHEMBL1882719";"";"None";"531.59";"1";"3.24";"SID49733011";"COc1ccccc1N(C(=O)c1snc(C(N)=O)c1N)C(C(=O)NCc1ccccc1)c1ccc(O)cc1";"IC50";"'='";"50019.0";"nM";"4.30";"";"inactive";"UO_0000065";"";"";"";"";"0";"CHEMBL1963907";"PUBCHEM_BIOASSAY: TRFRET-based biochemical high throughput dose response assay for inhibitors of the interaction of the Ras and Rab interactor 1 protein (Rin1) and the c-abl oncogene 1, non-receptor tyrosine kinase (Abl). (Class of assay: confirmatory) ";"F";"BAO_0000019";"assay format";"None";"None";"None";"None";"None";"";"";"";"CHEMBL3885630";"Ras and Rab interactor 1/Tyrosine-protein kinase ABL1";"Homo sapiens";"PROTEIN-PROTEIN INTERACTION";"CHEMBL1201862";"7";"PubChem BioAssays";"";"";"None";"";"";"";"50.019"
"CHEMBL1344122";"";"None";"373.25";"0";"3.82";"SID844471";"CC(=O)Nc1cc2c(nc1C)nc(C)n2Cc1ccc(Br)cc1";"IC50";"'='";"15504.0";"nM";"4.81";"";"inactive";"UO_0000065";"";"";"";"";"0";"CHEMBL1963907";"PUBCHEM_BIOASSAY: TRFRET-based biochemical high throughput dose response assay for inhibitors of the interaction of the Ras and Rab interactor 1 protein (Rin1) and the c-abl oncogene 1, non-receptor tyrosine kinase (Abl). (Class of assay: confirmatory) ";"F";"BAO_0000019";"assay format";"None";"None";"None";"None";"None";"";"";"";"CHEMBL3885630";"Ras and Rab interactor 1/Tyrosine-protein kinase ABL1";"Homo sapiens";"PROTEIN-PROTEIN INTERACTION";"CHEMBL1201862";"7";"PubChem BioAssays";"";"";"None";"";"";"";"15.504"
"CHEMBL2007329";"";"None";"439.53";"0";"4.90";"SID7976982";"CCSCCO/C(O)=C1\C(C)=NC2=C(C(=O)CCC2)C1c1coc2ccccc2c1=O";"IC50";"'>'";"73465.0";"nM";"";"";"inactive";"UO_0000065";"";"";"";"";"0";"CHEMBL1963907";"PUBCHEM_BIOASSAY: TRFRET-based biochemical high throughput dose response assay for inhibitors of the interaction of the Ras and Rab interactor 1 protein (Rin1) and the c-abl oncogene 1, non-receptor tyrosine kinase (Abl). (Class of assay: confirmatory) ";"F";"BAO_0000019";"assay format";"None";"None";"None";"None";"None";"";"";"";"CHEMBL3885630";"Ras and Rab interactor 1/Tyrosine-protein kinase ABL1";"Homo sapiens";"PROTEIN-PROTEIN INTERACTION";"CHEMBL1201862";"7";"PubChem BioAssays";"";"";"None";"";"";"";"73.465"
"CHEMBL1340528";"";"None";"324.41";"0";"1.40";"SID3715678";"Cc1oc2nc(SCCCC(=O)NCCO)nc(N)c2c1C";"IC50";"'='";"6463.0";"nM";"5.19";"";"active";"UO_0000065";"";"";"";"";"0";"CHEMBL1963907";"PUBCHEM_BIOASSAY: TRFRET-based biochemical high throughput dose response assay for inhibitors of the interaction of the Ras and Rab interactor 1 protein (Rin1) and the c-abl oncogene 1, non-receptor tyrosine kinase (Abl). (Class of assay: confirmatory) ";"F";"BAO_0000019";"assay format";"None";"None";"None";"None";"None";"";"";"";"CHEMBL3885630";"Ras and Rab interactor 1/Tyrosine-protein kinase ABL1";"Homo sapiens";"PROTEIN-PROTEIN INTERACTION";"CHEMBL1201862";"7";"PubChem BioAssays";"";"";"None";"";"";"";"6.463"
"CHEMBL578512";"";"None";"193.17";"0";"-1.63";"SID4251194";"Cn1ncnc2c(=O)n(C)c(=O)nc1-2";"IC50";"'='";"323.05";"nM";"6.49";"";"active";"UO_0000065";"";"";"";"";"0";"CHEMBL1963907";"PUBCHEM_BIOASSAY: TRFRET-based biochemical high throughput dose response assay for inhibitors of the interaction of the Ras and Rab interactor 1 protein (Rin1) and the c-abl oncogene 1, non-receptor tyrosine kinase (Abl). (Class of assay: confirmatory) ";"F";"BAO_0000019";"assay format";"None";"None";"None";"None";"None";"";"";"";"CHEMBL3885630";"Ras and Rab interactor 1/Tyrosine-protein kinase ABL1";"Homo sapiens";"PROTEIN-PROTEIN INTERACTION";"CHEMBL1201862";"7";"PubChem BioAssays";"";"";"None";"";"";"";"0.32305"
"CHEMBL1514897";"";"None";"470.62";"0";"3.85";"SID56324274";"Cc1cccc(N(Cc2ccccc2)C(=O)Cc2ccc(S(=O)(=O)N3CCOCC3)s2)c1";"IC50";"'='";"18586.0";"nM";"4.73";"";"inactive";"UO_0000065";"";"";"";"";"0";"CHEMBL1963907";"PUBCHEM_BIOASSAY: TRFRET-based biochemical high throughput dose response assay for inhibitors of the interaction of the Ras and Rab interactor 1 protein (Rin1) and the c-abl oncogene 1, non-receptor tyrosine kinase (Abl). (Class of assay: confirmatory) ";"F";"BAO_0000019";"assay format";"None";"None";"None";"None";"None";"";"";"";"CHEMBL3885630";"Ras and Rab interactor 1/Tyrosine-protein kinase ABL1";"Homo sapiens";"PROTEIN-PROTEIN INTERACTION";"CHEMBL1201862";"7";"PubChem BioAssays";"";"";"None";"";"";"";"18.586"
"CHEMBL1401987";"";"None";"471.56";"0";"3.50";"SID4249725";"CCOC(=O)N1CCN(C(=O)C2CCN(c3ncnc4c3sc3cccc(F)c34)CC2)CC1";"IC50";"'='";"14191.0";"nM";"4.85";"";"inactive";"UO_0000065";"";"";"";"";"0";"CHEMBL1963907";"PUBCHEM_BIOASSAY: TRFRET-based biochemical high throughput dose response assay for inhibitors of the interaction of the Ras and Rab interactor 1 protein (Rin1) and the c-abl oncogene 1, non-receptor tyrosine kinase (Abl). (Class of assay: confirmatory) ";"F";"BAO_0000019";"assay format";"None";"None";"None";"None";"None";"";"";"";"CHEMBL3885630";"Ras and Rab interactor 1/Tyrosine-protein kinase ABL1";"Homo sapiens";"PROTEIN-PROTEIN INTERACTION";"CHEMBL1201862";"7";"PubChem BioAssays";"";"";"None";"";"";"";"14.191"
"CHEMBL1706737";"";"None";"378.79";"0";"2.60";"SID56316149";"CN(Cc1c(F)cccc1Cl)C(=O)CNC(=O)c1ccc2c(c1)OCO2";"IC50";"'='";"6041.0";"nM";"5.22";"";"active";"UO_0000065";"";"";"";"";"0";"CHEMBL1963907";"PUBCHEM_BIOASSAY: TRFRET-based biochemical high throughput dose response assay for inhibitors of the interaction of the Ras and Rab interactor 1 protein (Rin1) and the c-abl oncogene 1, non-receptor tyrosine kinase (Abl). (Class of assay: confirmatory) ";"F";"BAO_0000019";"assay format";"None";"None";"None";"None";"None";"";"";"";"CHEMBL3885630";"Ras and Rab interactor 1/Tyrosine-protein kinase ABL1";"Homo sapiens";"PROTEIN-PROTEIN INTERACTION";"CHEMBL1201862";"7";"PubChem BioAssays";"";"";"None";"";"";"";"6.041"
"CHEMBL1334802";"";"None";"317.39";"0";"2.27";"SID24803884";"CCOC(=O)c1ccc(NC(=O)NC2CC3CCC(C2)N3)cc1";"IC50";"'='";"31734.0";"nM";"4.50";"";"inactive";"UO_0000065";"";"";"";"";"0";"CHEMBL1963907";"PUBCHEM_BIOASSAY: TRFRET-based biochemical high throughput dose response assay for inhibitors of the interaction of the Ras and Rab interactor 1 protein (Rin1) and the c-abl oncogene 1, non-receptor tyrosine kinase (Abl). (Class of assay: confirmatory) ";"F";"BAO_0000019";"assay format";"None";"None";"None";"None";"None";"";"";"";"CHEMBL3885630";"Ras and Rab interactor 1/Tyrosine-protein kinase ABL1";"Homo sapiens";"PROTEIN-PROTEIN INTERACTION";"CHEMBL1201862";"7";"PubChem BioAssays";"";"";"None";"";"";"";"31.734"
"CHEMBL1863690";"";"None";"421.55";"0";"4.02";"SID121284997";"Oc1nc2ccccc2n1C1CCN(C(c2nnnn2C2CCCCC2)C2CC2)CC1";"IC50";"'='";"3139.0";"nM";"5.50";"";"active";"UO_0000065";"";"";"";"";"0";"CHEMBL1963907";"PUBCHEM_BIOASSAY: TRFRET-based biochemical high throughput dose response assay for inhibitors of the interaction of the Ras and Rab interactor 1 protein (Rin1) and the c-abl oncogene 1, non-receptor tyrosine kinase (Abl). (Class of assay: confirmatory) ";"F";"BAO_0000019";"assay format";"None";"None";"None";"None";"None";"";"";"";"CHEMBL3885630";"Ras and Rab interactor 1/Tyrosine-protein kinase ABL1";"Homo sapiens";"PROTEIN-PROTEIN INTERACTION";"CHEMBL1201862";"7";"PubChem BioAssays";"";"";"None";"";"";"";"3.139"
"CHEMBL1893105";"";"None";"380.45";"0";"3.43";"SID121285871";"COc1ccc(CCC(=O)Nc2c(-c3ccc(N(C)C)cc3)n[nH]c2O)cc1";"IC50";"'>'";"73450.0";"nM";"";"";"inactive";"UO_0000065";"";"";"";"";"0";"CHEMBL1963907";"PUBCHEM_BIOASSAY: TRFRET-based biochemical high throughput dose response assay for inhibitors of the interaction of the Ras and Rab interactor 1 protein (Rin1) and the c-abl oncogene 1, non-receptor tyrosine kinase (Abl). (Class of assay: confirmatory) ";"F";"BAO_0000019";"assay format";"None";"None";"None";"None";"None";"";"";"";"CHEMBL3885630";"Ras and Rab interactor 1/Tyrosine-protein kinase ABL1";"Homo sapiens";"PROTEIN-PROTEIN INTERACTION";"CHEMBL1201862";"7";"PubChem BioAssays";"";"";"None";"";"";"";"73.45"
"CHEMBL1407474";"";"None";"356.37";"0";"-0.72";"SID26657917";"O=C(O)CC(CCc1ccccc1)OC1OC(CO)C(O)C(O)C1O";"IC50";"'='";"50230.0";"nM";"4.30";"";"inactive";"UO_0000065";"";"";"";"";"0";"CHEMBL1963907";"PUBCHEM_BIOASSAY: TRFRET-based biochemical high throughput dose response assay for inhibitors of the interaction of the Ras and Rab interactor 1 protein (Rin1) and the c-abl oncogene 1, non-receptor tyrosine kinase (Abl). (Class of assay: confirmatory) ";"F";"BAO_0000019";"assay format";"None";"None";"None";"None";"None";"";"";"";"CHEMBL3885630";"Ras and Rab interactor 1/Tyrosine-protein kinase ABL1";"Homo sapiens";"PROTEIN-PROTEIN INTERACTION";"CHEMBL1201862";"7";"PubChem BioAssays";"";"";"None";"";"";"";"50.23"
"CHEMBL1538241";"";"None";"348.43";"0";"1.77";"SID4244101";"CCc1nnc(NC(=O)CCc2nc(C3=CCN(C)CC3)no2)s1";"IC50";"'='";"3810.0";"nM";"5.42";"";"active";"UO_0000065";"";"";"";"";"0";"CHEMBL1963907";"PUBCHEM_BIOASSAY: TRFRET-based biochemical high throughput dose response assay for inhibitors of the interaction of the Ras and Rab interactor 1 protein (Rin1) and the c-abl oncogene 1, non-receptor tyrosine kinase (Abl). (Class of assay: confirmatory) ";"F";"BAO_0000019";"assay format";"None";"None";"None";"None";"None";"";"";"";"CHEMBL3885630";"Ras and Rab interactor 1/Tyrosine-protein kinase ABL1";"Homo sapiens";"PROTEIN-PROTEIN INTERACTION";"CHEMBL1201862";"7";"PubChem BioAssays";"";"";"None";"";"";"";"3.81"
"CHEMBL175266";"";"None";"258.23";"0";"2.32";"SID26664480";"Cc1c2cc(O)c(=O)cc-2oc2cc(O)c(O)cc12";"IC50";"'='";"834.68";"nM";"6.08";"";"active";"UO_0000065";"";"";"";"";"0";"CHEMBL1963907";"PUBCHEM_BIOASSAY: TRFRET-based biochemical high throughput dose response assay for inhibitors of the interaction of the Ras and Rab interactor 1 protein (Rin1) and the c-abl oncogene 1, non-receptor tyrosine kinase (Abl). (Class of assay: confirmatory) ";"F";"BAO_0000019";"assay format";"None";"None";"None";"None";"None";"";"";"";"CHEMBL3885630";"Ras and Rab interactor 1/Tyrosine-protein kinase ABL1";"Homo sapiens";"PROTEIN-PROTEIN INTERACTION";"CHEMBL1201862";"7";"PubChem BioAssays";"";"";"None";"";"";"";"0.83468"
"CHEMBL1531057";"";"None";"451.91";"0";"4.25";"SID49731919";"CCOc1ccc(CCNC(=O)CN2C(=O)c3cccnc3Oc3ccc(Cl)cc32)cc1";"IC50";"'>'";"73455.0";"nM";"";"";"inactive";"UO_0000065";"";"";"";"";"0";"CHEMBL1963907";"PUBCHEM_BIOASSAY: TRFRET-based biochemical high throughput dose response assay for inhibitors of the interaction of the Ras and Rab interactor 1 protein (Rin1) and the c-abl oncogene 1, non-receptor tyrosine kinase (Abl). (Class of assay: confirmatory) ";"F";"BAO_0000019";"assay format";"None";"None";"None";"None";"None";"";"";"";"CHEMBL3885630";"Ras and Rab interactor 1/Tyrosine-protein kinase ABL1";"Homo sapiens";"PROTEIN-PROTEIN INTERACTION";"CHEMBL1201862";"7";"PubChem BioAssays";"";"";"None";"";"";"";"73.455"
"CHEMBL599924";"";"None";"309.33";"0";"1.03";"SID24807290";"CCn1nc(/C=C/c2ccccc2)nc2c(=O)n(C)c(=O)nc1-2";"IC50";"'>'";"73457.0";"nM";"";"";"inactive";"UO_0000065";"";"";"";"";"0";"CHEMBL1963907";"PUBCHEM_BIOASSAY: TRFRET-based biochemical high throughput dose response assay for inhibitors of the interaction of the Ras and Rab interactor 1 protein (Rin1) and the c-abl oncogene 1, non-receptor tyrosine kinase (Abl). (Class of assay: confirmatory) ";"F";"BAO_0000019";"assay format";"None";"None";"None";"None";"None";"";"";"";"CHEMBL3885630";"Ras and Rab interactor 1/Tyrosine-protein kinase ABL1";"Homo sapiens";"PROTEIN-PROTEIN INTERACTION";"CHEMBL1201862";"7";"PubChem BioAssays";"";"";"None";"";"";"";"73.457"
"CHEMBL1972558";"";"None";"353.38";"0";"2.40";"SID103059889";"O=C(c1cc(COc2cccc3cccnc23)on1)N1CCC[C@H]1CO";"IC50";"'='";"2939.0";"nM";"5.53";"";"active";"UO_0000065";"";"";"";"";"0";"CHEMBL1963907";"PUBCHEM_BIOASSAY: TRFRET-based biochemical high throughput dose response assay for inhibitors of the interaction of the Ras and Rab interactor 1 protein (Rin1) and the c-abl oncogene 1, non-receptor tyrosine kinase (Abl). (Class of assay: confirmatory) ";"F";"BAO_0000019";"assay format";"None";"None";"None";"None";"None";"";"";"";"CHEMBL3885630";"Ras and Rab interactor 1/Tyrosine-protein kinase ABL1";"Homo sapiens";"PROTEIN-PROTEIN INTERACTION";"CHEMBL1201862";"7";"PubChem BioAssays";"";"";"None";"";"";"";"2.939"
"CHEMBL1724488";"";"None";"580.73";"2";"5.51";"SID89855044";"CN(Cc1ccccc1)C(=O)c1ccc(NC(=O)Cc2ccc(NC(=O)C3CCN(C(=O)C4CCCC4)CC3)cc2)cc1";"IC50";"'='";"20739.0";"nM";"4.68";"";"inactive";"UO_0000065";"";"";"";"";"0";"CHEMBL1963907";"PUBCHEM_BIOASSAY: TRFRET-based biochemical high throughput dose response assay for inhibitors of the interaction of the Ras and Rab interactor 1 protein (Rin1) and the c-abl oncogene 1, non-receptor tyrosine kinase (Abl). (Class of assay: confirmatory) ";"F";"BAO_0000019";"assay format";"None";"None";"None";"None";"None";"";"";"";"CHEMBL3885630";"Ras and Rab interactor 1/Tyrosine-protein kinase ABL1";"Homo sapiens";"PROTEIN-PROTEIN INTERACTION";"CHEMBL1201862";"7";"PubChem BioAssays";"";"";"None";"";"";"";"20.739"
"CHEMBL1350329";"";"None";"496.59";"0";"4.42";"SID17433666";"CCCn1c2ccccc2c2nnc(SCc3[nH]c(O)nc3C(=O)CCCCC(=O)OCC)nc21";"IC50";"'='";"3229.0";"nM";"5.49";"";"active";"UO_0000065";"";"";"";"";"0";"CHEMBL1963907";"PUBCHEM_BIOASSAY: TRFRET-based biochemical high throughput dose response assay for inhibitors of the interaction of the Ras and Rab interactor 1 protein (Rin1) and the c-abl oncogene 1, non-receptor tyrosine kinase (Abl). (Class of assay: confirmatory) ";"F";"BAO_0000019";"assay format";"None";"None";"None";"None";"None";"";"";"";"CHEMBL3885630";"Ras and Rab interactor 1/Tyrosine-protein kinase ABL1";"Homo sapiens";"PROTEIN-PROTEIN INTERACTION";"CHEMBL1201862";"7";"PubChem BioAssays";"";"";"None";"";"";"";"3.229"
"CHEMBL1997922";"";"None";"329.36";"0";"1.48";"SID49644133";"Cc1nc(N/N=C/c2ccc(O)cc2O)cc(N2CCOCC2)n1";"IC50";"'>'";"2720.0";"nM";"";"";"active";"UO_0000065";"";"";"";"";"0";"CHEMBL1963907";"PUBCHEM_BIOASSAY: TRFRET-based biochemical high throughput dose response assay for inhibitors of the interaction of the Ras and Rab interactor 1 protein (Rin1) and the c-abl oncogene 1, non-receptor tyrosine kinase (Abl). (Class of assay: confirmatory) ";"F";"BAO_0000019";"assay format";"None";"None";"None";"None";"None";"";"";"";"CHEMBL3885630";"Ras and Rab interactor 1/Tyrosine-protein kinase ABL1";"Homo sapiens";"PROTEIN-PROTEIN INTERACTION";"CHEMBL1201862";"7";"PubChem BioAssays";"";"";"None";"";"";"";"2.72"
"CHEMBL1426398";"";"None";"323.37";"0";"2.34";"SID14726847";"CCOCc1nnc(NC(=O)c2c(OC)cccc2OC)s1";"IC50";"'='";"17951.0";"nM";"4.75";"";"inactive";"UO_0000065";"";"";"";"";"0";"CHEMBL1963907";"PUBCHEM_BIOASSAY: TRFRET-based biochemical high throughput dose response assay for inhibitors of the interaction of the Ras and Rab interactor 1 protein (Rin1) and the c-abl oncogene 1, non-receptor tyrosine kinase (Abl). (Class of assay: confirmatory) ";"F";"BAO_0000019";"assay format";"None";"None";"None";"None";"None";"";"";"";"CHEMBL3885630";"Ras and Rab interactor 1/Tyrosine-protein kinase ABL1";"Homo sapiens";"PROTEIN-PROTEIN INTERACTION";"CHEMBL1201862";"7";"PubChem BioAssays";"";"";"None";"";"";"";"17.951"
"CHEMBL1532466";"";"None";"458.66";"0";"3.62";"SID87346664";"CN(C)CCNc1ncnc2c1sc1nc(N3CCOCC3)c3c(c12)CC(C)(C)SC3";"IC50";"'='";"13748.0";"nM";"4.86";"";"inactive";"UO_0000065";"";"";"";"";"0";"CHEMBL1963907";"PUBCHEM_BIOASSAY: TRFRET-based biochemical high throughput dose response assay for inhibitors of the interaction of the Ras and Rab interactor 1 protein (Rin1) and the c-abl oncogene 1, non-receptor tyrosine kinase (Abl). (Class of assay: confirmatory) ";"F";"BAO_0000019";"assay format";"None";"None";"None";"None";"None";"";"";"";"CHEMBL3885630";"Ras and Rab interactor 1/Tyrosine-protein kinase ABL1";"Homo sapiens";"PROTEIN-PROTEIN INTERACTION";"CHEMBL1201862";"7";"PubChem BioAssays";"";"";"None";"";"";"";"13.748"
"CHEMBL1504694";"";"None";"420.54";"0";"3.64";"SID24786261";"COc1ccccc1CN1C[C@@H]2C[C@@H](c3ccc4nsnc4c3)N3CCC[C@@]23C1=O";"IC50";"'='";"22278.0";"nM";"4.65";"";"inactive";"UO_0000065";"";"";"";"";"0";"CHEMBL1963907";"PUBCHEM_BIOASSAY: TRFRET-based biochemical high throughput dose response assay for inhibitors of the interaction of the Ras and Rab interactor 1 protein (Rin1) and the c-abl oncogene 1, non-receptor tyrosine kinase (Abl). (Class of assay: confirmatory) ";"F";"BAO_0000019";"assay format";"None";"None";"None";"None";"None";"";"";"";"CHEMBL3885630";"Ras and Rab interactor 1/Tyrosine-protein kinase ABL1";"Homo sapiens";"PROTEIN-PROTEIN INTERACTION";"CHEMBL1201862";"7";"PubChem BioAssays";"";"";"None";"";"";"";"22.278"
"CHEMBL1608891";"";"None";"420.90";"0";"3.95";"SID865321";"O=C(Nc1ccccc1N1CCN(C(=O)c2ccc(Cl)cc2)CC1)c1cccnc1";"IC50";"'='";"16435.0";"nM";"4.78";"";"inactive";"UO_0000065";"";"";"";"";"0";"CHEMBL1963907";"PUBCHEM_BIOASSAY: TRFRET-based biochemical high throughput dose response assay for inhibitors of the interaction of the Ras and Rab interactor 1 protein (Rin1) and the c-abl oncogene 1, non-receptor tyrosine kinase (Abl). (Class of assay: confirmatory) ";"F";"BAO_0000019";"assay format";"None";"None";"None";"None";"None";"";"";"";"CHEMBL3885630";"Ras and Rab interactor 1/Tyrosine-protein kinase ABL1";"Homo sapiens";"PROTEIN-PROTEIN INTERACTION";"CHEMBL1201862";"7";"PubChem BioAssays";"";"";"None";"";"";"";"16.435"
"CHEMBL1905325";"";"None";"470.58";"0";"3.85";"SID99454688";"OC[C@@H]1CN(Cc2ccc(-c3ccccc3)cc2)C[C@H](n2cnc3c(NC4CCC4)ncnc32)O1";"IC50";"'='";"16658.0";"nM";"4.78";"";"inactive";"UO_0000065";"";"";"";"";"0";"CHEMBL1963907";"PUBCHEM_BIOASSAY: TRFRET-based biochemical high throughput dose response assay for inhibitors of the interaction of the Ras and Rab interactor 1 protein (Rin1) and the c-abl oncogene 1, non-receptor tyrosine kinase (Abl). (Class of assay: confirmatory) ";"F";"BAO_0000019";"assay format";"None";"None";"None";"None";"None";"";"";"";"CHEMBL3885630";"Ras and Rab interactor 1/Tyrosine-protein kinase ABL1";"Homo sapiens";"PROTEIN-PROTEIN INTERACTION";"CHEMBL1201862";"7";"PubChem BioAssays";"";"";"None";"";"";"";"16.658"
"CHEMBL1441033";"";"None";"334.47";"0";"4.19";"SID856055";"N#CC12CCCCC1CC1CCCCC1(C#N)N2Cc1cccnc1";"IC50";"'='";"1679.0";"nM";"5.78";"";"active";"UO_0000065";"";"";"";"";"0";"CHEMBL1963907";"PUBCHEM_BIOASSAY: TRFRET-based biochemical high throughput dose response assay for inhibitors of the interaction of the Ras and Rab interactor 1 protein (Rin1) and the c-abl oncogene 1, non-receptor tyrosine kinase (Abl). (Class of assay: confirmatory) ";"F";"BAO_0000019";"assay format";"None";"None";"None";"None";"None";"";"";"";"CHEMBL3885630";"Ras and Rab interactor 1/Tyrosine-protein kinase ABL1";"Homo sapiens";"PROTEIN-PROTEIN INTERACTION";"CHEMBL1201862";"7";"PubChem BioAssays";"";"";"None";"";"";"";"1.679"
"CHEMBL1432383";"";"None";"199.28";"0";"1.66";"SID26665805";"CCCCSc1cc(O)nc(N)n1";"IC50";"'='";"22190.0";"nM";"4.65";"";"inactive";"UO_0000065";"";"";"";"";"0";"CHEMBL1963907";"PUBCHEM_BIOASSAY: TRFRET-based biochemical high throughput dose response assay for inhibitors of the interaction of the Ras and Rab interactor 1 protein (Rin1) and the c-abl oncogene 1, non-receptor tyrosine kinase (Abl). (Class of assay: confirmatory) ";"F";"BAO_0000019";"assay format";"None";"None";"None";"None";"None";"";"";"";"CHEMBL3885630";"Ras and Rab interactor 1/Tyrosine-protein kinase ABL1";"Homo sapiens";"PROTEIN-PROTEIN INTERACTION";"CHEMBL1201862";"7";"PubChem BioAssays";"";"";"None";"";"";"";"22.19"
"CHEMBL1549912";"";"None";"362.48";"0";"3.76";"SID852488";"CCC(C)(C)n1nnnc1C(c1cccnc1)N1CCCc2ccccc21";"IC50";"'='";"6899.0";"nM";"5.16";"";"active";"UO_0000065";"";"";"";"";"0";"CHEMBL1963907";"PUBCHEM_BIOASSAY: TRFRET-based biochemical high throughput dose response assay for inhibitors of the interaction of the Ras and Rab interactor 1 protein (Rin1) and the c-abl oncogene 1, non-receptor tyrosine kinase (Abl). (Class of assay: confirmatory) ";"F";"BAO_0000019";"assay format";"None";"None";"None";"None";"None";"";"";"";"CHEMBL3885630";"Ras and Rab interactor 1/Tyrosine-protein kinase ABL1";"Homo sapiens";"PROTEIN-PROTEIN INTERACTION";"CHEMBL1201862";"7";"PubChem BioAssays";"";"";"None";"";"";"";"6.899"
"CHEMBL1978317";"";"None";"485.59";"0";"3.08";"SID99454870";"CC(=O)Nc1cccc(-c2ccnc3c2CC(C(=O)NCc2ccc(N4CCN(C)CC4)cc2)O3)c1";"IC50";"'='";"14447.0";"nM";"4.84";"";"inactive";"UO_0000065";"";"";"";"";"0";"CHEMBL1963907";"PUBCHEM_BIOASSAY: TRFRET-based biochemical high throughput dose response assay for inhibitors of the interaction of the Ras and Rab interactor 1 protein (Rin1) and the c-abl oncogene 1, non-receptor tyrosine kinase (Abl). (Class of assay: confirmatory) ";"F";"BAO_0000019";"assay format";"None";"None";"None";"None";"None";"";"";"";"CHEMBL3885630";"Ras and Rab interactor 1/Tyrosine-protein kinase ABL1";"Homo sapiens";"PROTEIN-PROTEIN INTERACTION";"CHEMBL1201862";"7";"PubChem BioAssays";"";"";"None";"";"";"";"14.447"
"CHEMBL1867098";"";"None";"415.53";"0";"3.90";"SID92763605";"CC(C)(C)OC(=O)N1CCC(C(=O)Nc2ccc(C(=O)N3CCCCC3)cc2)CC1";"IC50";"'='";"21949.0";"nM";"4.66";"";"inactive";"UO_0000065";"";"";"";"";"0";"CHEMBL1963907";"PUBCHEM_BIOASSAY: TRFRET-based biochemical high throughput dose response assay for inhibitors of the interaction of the Ras and Rab interactor 1 protein (Rin1) and the c-abl oncogene 1, non-receptor tyrosine kinase (Abl). (Class of assay: confirmatory) ";"F";"BAO_0000019";"assay format";"None";"None";"None";"None";"None";"";"";"";"CHEMBL3885630";"Ras and Rab interactor 1/Tyrosine-protein kinase ABL1";"Homo sapiens";"PROTEIN-PROTEIN INTERACTION";"CHEMBL1201862";"7";"PubChem BioAssays";"";"";"None";"";"";"";"21.949"
"CHEMBL1342209";"";"None";"358.31";"0";"1.70";"SID848337";"CCOC(=O)c1c(C)n(C(=O)c2ccco2)c(=O)n1C(=O)c1ccco1";"IC50";"'='";"11039.0";"nM";"4.96";"";"inactive";"UO_0000065";"";"";"";"";"0";"CHEMBL1963907";"PUBCHEM_BIOASSAY: TRFRET-based biochemical high throughput dose response assay for inhibitors of the interaction of the Ras and Rab interactor 1 protein (Rin1) and the c-abl oncogene 1, non-receptor tyrosine kinase (Abl). (Class of assay: confirmatory) ";"F";"BAO_0000019";"assay format";"None";"None";"None";"None";"None";"";"";"";"CHEMBL3885630";"Ras and Rab interactor 1/Tyrosine-protein kinase ABL1";"Homo sapiens";"PROTEIN-PROTEIN INTERACTION";"CHEMBL1201862";"7";"PubChem BioAssays";"";"";"None";"";"";"";"11.039"
"CHEMBL1403262";"";"None";"226.23";"0";"1.25";"SID17504906";"Cc1[nH]c(O)nc1C(=O)CCCCC(=O)O";"IC50";"'='";"17.35";"nM";"7.76";"";"active";"UO_0000065";"";"";"";"";"0";"CHEMBL1963907";"PUBCHEM_BIOASSAY: TRFRET-based biochemical high throughput dose response assay for inhibitors of the interaction of the Ras and Rab interactor 1 protein (Rin1) and the c-abl oncogene 1, non-receptor tyrosine kinase (Abl). (Class of assay: confirmatory) ";"F";"BAO_0000019";"assay format";"None";"None";"None";"None";"None";"";"";"";"CHEMBL3885630";"Ras and Rab interactor 1/Tyrosine-protein kinase ABL1";"Homo sapiens";"PROTEIN-PROTEIN INTERACTION";"CHEMBL1201862";"7";"PubChem BioAssays";"";"";"None";"";"";"";"0.01735"
"CHEMBL1975248";"";"None";"651.21";"1";"3.48";"SID87336927";"CC[C@]12c3[nH]c4ccc(Cl)cc4c3CCN1C(=O)[C@@H](CC(=O)NCCCN(C)C)C[C@@H]2C(=O)N1CCN(C(=O)c2ccco2)CC1";"IC50";"'='";"46760.0";"nM";"4.33";"";"inactive";"UO_0000065";"";"";"";"";"0";"CHEMBL1963907";"PUBCHEM_BIOASSAY: TRFRET-based biochemical high throughput dose response assay for inhibitors of the interaction of the Ras and Rab interactor 1 protein (Rin1) and the c-abl oncogene 1, non-receptor tyrosine kinase (Abl). (Class of assay: confirmatory) ";"F";"BAO_0000019";"assay format";"None";"None";"None";"None";"None";"";"";"";"CHEMBL3885630";"Ras and Rab interactor 1/Tyrosine-protein kinase ABL1";"Homo sapiens";"PROTEIN-PROTEIN INTERACTION";"CHEMBL1201862";"7";"PubChem BioAssays";"";"";"None";"";"";"";"46.76"
"CHEMBL1325945";"";"None";"235.25";"0";"-0.67";"SID24809205";"CCCc1nc2c(=O)n(C)c(=O)nc-2n(C)n1";"IC50";"'='";"527.38";"nM";"6.28";"";"active";"UO_0000065";"";"";"";"";"0";"CHEMBL1963907";"PUBCHEM_BIOASSAY: TRFRET-based biochemical high throughput dose response assay for inhibitors of the interaction of the Ras and Rab interactor 1 protein (Rin1) and the c-abl oncogene 1, non-receptor tyrosine kinase (Abl). (Class of assay: confirmatory) ";"F";"BAO_0000019";"assay format";"None";"None";"None";"None";"None";"";"";"";"CHEMBL3885630";"Ras and Rab interactor 1/Tyrosine-protein kinase ABL1";"Homo sapiens";"PROTEIN-PROTEIN INTERACTION";"CHEMBL1201862";"7";"PubChem BioAssays";"";"";"None";"";"";"";"0.52738"
"CHEMBL1476849";"";"None";"521.57";"1";"2.51";"SID47193809";"CCC1(CC)C(=O)C2=C3C1[C@H](C(=O)OC)C=C(C(=O)OC)C[C@H]3n1c(=O)n(-c3ccccc3)c(=O)n1[C@H]2C";"IC50";"'='";"22423.0";"nM";"4.65";"";"inactive";"UO_0000065";"";"";"";"";"0";"CHEMBL1963907";"PUBCHEM_BIOASSAY: TRFRET-based biochemical high throughput dose response assay for inhibitors of the interaction of the Ras and Rab interactor 1 protein (Rin1) and the c-abl oncogene 1, non-receptor tyrosine kinase (Abl). (Class of assay: confirmatory) ";"F";"BAO_0000019";"assay format";"None";"None";"None";"None";"None";"";"";"";"CHEMBL3885630";"Ras and Rab interactor 1/Tyrosine-protein kinase ABL1";"Homo sapiens";"PROTEIN-PROTEIN INTERACTION";"CHEMBL1201862";"7";"PubChem BioAssays";"";"";"None";"";"";"";"22.423"
"CHEMBL1879763";"";"None";"544.70";"1";"4.86";"SID89855175";"O=C(Cc1ccc(NC(=O)C2CCN(C(=O)C3CCCC3)CC2)cc1)Nc1cccc(C(=O)N2CCCCC2)c1";"IC50";"'='";"29222.0";"nM";"4.53";"";"inactive";"UO_0000065";"";"";"";"";"0";"CHEMBL1963907";"PUBCHEM_BIOASSAY: TRFRET-based biochemical high throughput dose response assay for inhibitors of the interaction of the Ras and Rab interactor 1 protein (Rin1) and the c-abl oncogene 1, non-receptor tyrosine kinase (Abl). (Class of assay: confirmatory) ";"F";"BAO_0000019";"assay format";"None";"None";"None";"None";"None";"";"";"";"CHEMBL3885630";"Ras and Rab interactor 1/Tyrosine-protein kinase ABL1";"Homo sapiens";"PROTEIN-PROTEIN INTERACTION";"CHEMBL1201862";"7";"PubChem BioAssays";"";"";"None";"";"";"";"29.222"
"CHEMBL1552356";"";"None";"360.41";"0";"2.05";"SID56423698";"CC(OC(=O)c1ccccc1NCCO)C(=O)Nc1ccnn1C(C)C";"IC50";"'='";"3975.0";"nM";"5.40";"";"active";"UO_0000065";"";"";"";"";"0";"CHEMBL1963907";"PUBCHEM_BIOASSAY: TRFRET-based biochemical high throughput dose response assay for inhibitors of the interaction of the Ras and Rab interactor 1 protein (Rin1) and the c-abl oncogene 1, non-receptor tyrosine kinase (Abl). (Class of assay: confirmatory) ";"F";"BAO_0000019";"assay format";"None";"None";"None";"None";"None";"";"";"";"CHEMBL3885630";"Ras and Rab interactor 1/Tyrosine-protein kinase ABL1";"Homo sapiens";"PROTEIN-PROTEIN INTERACTION";"CHEMBL1201862";"7";"PubChem BioAssays";"";"";"None";"";"";"";"3.975"
"CHEMBL1722228";"";"None";"849.52";"2";"9.09";"SID92764833";"Cc1nc2nc(C)n(CCN3CCOCC3)c(=O)c2c(-c2cccc([N+](=O)[O-])c2)c1C(=O)CCCCCCCCCCN1CCC(c2ccccc2)(c2ccccc2)CC1.Cl";"IC50";"'='";"1346.0";"nM";"5.87";"";"active";"UO_0000065";"";"";"";"";"0";"CHEMBL1963907";"PUBCHEM_BIOASSAY: TRFRET-based biochemical high throughput dose response assay for inhibitors of the interaction of the Ras and Rab interactor 1 protein (Rin1) and the c-abl oncogene 1, non-receptor tyrosine kinase (Abl). (Class of assay: confirmatory) ";"F";"BAO_0000019";"assay format";"None";"None";"None";"None";"None";"";"";"";"CHEMBL3885630";"Ras and Rab interactor 1/Tyrosine-protein kinase ABL1";"Homo sapiens";"PROTEIN-PROTEIN INTERACTION";"CHEMBL1201862";"7";"PubChem BioAssays";"";"";"None";"";"";"";"1.346"
"CHEMBL1590190";"";"None";"421.59";"0";"2.79";"SID49735686";"Cc1ccc(C(=O)N2CC(C)CC(C)C2)cc1NC1=NC2CS(=O)(=O)CC2S1";"IC50";"'='";"14338.0";"nM";"4.84";"";"inactive";"UO_0000065";"";"";"";"";"0";"CHEMBL1963907";"PUBCHEM_BIOASSAY: TRFRET-based biochemical high throughput dose response assay for inhibitors of the interaction of the Ras and Rab interactor 1 protein (Rin1) and the c-abl oncogene 1, non-receptor tyrosine kinase (Abl). (Class of assay: confirmatory) ";"F";"BAO_0000019";"assay format";"None";"None";"None";"None";"None";"";"";"";"CHEMBL3885630";"Ras and Rab interactor 1/Tyrosine-protein kinase ABL1";"Homo sapiens";"PROTEIN-PROTEIN INTERACTION";"CHEMBL1201862";"7";"PubChem BioAssays";"";"";"None";"";"";"";"14.338"
"CHEMBL1892599";"";"None";"546.67";"1";"3.71";"SID89855076";"O=C(Cc1ccc(NC(=O)C2CCN(C(=O)C3CCCC3)CC2)cc1)Nc1ccc(C(=O)N2CCOCC2)cc1";"IC50";"'='";"1536.0";"nM";"5.81";"";"active";"UO_0000065";"";"";"";"";"0";"CHEMBL1963907";"PUBCHEM_BIOASSAY: TRFRET-based biochemical high throughput dose response assay for inhibitors of the interaction of the Ras and Rab interactor 1 protein (Rin1) and the c-abl oncogene 1, non-receptor tyrosine kinase (Abl). (Class of assay: confirmatory) ";"F";"BAO_0000019";"assay format";"None";"None";"None";"None";"None";"";"";"";"CHEMBL3885630";"Ras and Rab interactor 1/Tyrosine-protein kinase ABL1";"Homo sapiens";"PROTEIN-PROTEIN INTERACTION";"CHEMBL1201862";"7";"PubChem BioAssays";"";"";"None";"";"";"";"1.536"
"CHEMBL1864879";"";"None";"517.63";"1";"4.68";"SID121284994";"COc1cccc(C(c2nnnn2C2CCCCC2)N2CCC(n3c(O)nc4ccccc43)CC2)c1OC";"IC50";"'='";"25994.0";"nM";"4.58";"";"inactive";"UO_0000065";"";"";"";"";"0";"CHEMBL1963907";"PUBCHEM_BIOASSAY: TRFRET-based biochemical high throughput dose response assay for inhibitors of the interaction of the Ras and Rab interactor 1 protein (Rin1) and the c-abl oncogene 1, non-receptor tyrosine kinase (Abl). (Class of assay: confirmatory) ";"F";"BAO_0000019";"assay format";"None";"None";"None";"None";"None";"";"";"";"CHEMBL3885630";"Ras and Rab interactor 1/Tyrosine-protein kinase ABL1";"Homo sapiens";"PROTEIN-PROTEIN INTERACTION";"CHEMBL1201862";"7";"PubChem BioAssays";"";"";"None";"";"";"";"25.994"
"CHEMBL1540093";"";"None";"262.36";"0";"3.02";"SID859597";"Cc1nnc(SCc2nc3ccccc3[nH]2)s1";"IC50";"'='";"15250.0";"nM";"4.82";"";"inactive";"UO_0000065";"";"";"";"";"0";"CHEMBL1963907";"PUBCHEM_BIOASSAY: TRFRET-based biochemical high throughput dose response assay for inhibitors of the interaction of the Ras and Rab interactor 1 protein (Rin1) and the c-abl oncogene 1, non-receptor tyrosine kinase (Abl). (Class of assay: confirmatory) ";"F";"BAO_0000019";"assay format";"None";"None";"None";"None";"None";"";"";"";"CHEMBL3885630";"Ras and Rab interactor 1/Tyrosine-protein kinase ABL1";"Homo sapiens";"PROTEIN-PROTEIN INTERACTION";"CHEMBL1201862";"7";"PubChem BioAssays";"";"";"None";"";"";"";"15.25"
"CHEMBL1865289";"";"None";"194.24";"0";"1.12";"SID89855336";"Nc1nc(O)cc(NC2CCCC2)n1";"IC50";"'='";"12421.0";"nM";"4.91";"";"inactive";"UO_0000065";"";"";"";"";"0";"CHEMBL1963907";"PUBCHEM_BIOASSAY: TRFRET-based biochemical high throughput dose response assay for inhibitors of the interaction of the Ras and Rab interactor 1 protein (Rin1) and the c-abl oncogene 1, non-receptor tyrosine kinase (Abl). (Class of assay: confirmatory) ";"F";"BAO_0000019";"assay format";"None";"None";"None";"None";"None";"";"";"";"CHEMBL3885630";"Ras and Rab interactor 1/Tyrosine-protein kinase ABL1";"Homo sapiens";"PROTEIN-PROTEIN INTERACTION";"CHEMBL1201862";"7";"PubChem BioAssays";"";"";"None";"";"";"";"12.421"
"CHEMBL1902526";"";"None";"530.67";"1";"4.47";"SID89855039";"CN(C(=O)c1ccc(NC(=O)Cc2cccc(NC(=O)C3CCN(C(=O)C4CCCC4)CC3)c2)cc1)C1CC1";"IC50";"'='";"21244.0";"nM";"4.67";"";"inactive";"UO_0000065";"";"";"";"";"0";"CHEMBL1963907";"PUBCHEM_BIOASSAY: TRFRET-based biochemical high throughput dose response assay for inhibitors of the interaction of the Ras and Rab interactor 1 protein (Rin1) and the c-abl oncogene 1, non-receptor tyrosine kinase (Abl). (Class of assay: confirmatory) ";"F";"BAO_0000019";"assay format";"None";"None";"None";"None";"None";"";"";"";"CHEMBL3885630";"Ras and Rab interactor 1/Tyrosine-protein kinase ABL1";"Homo sapiens";"PROTEIN-PROTEIN INTERACTION";"CHEMBL1201862";"7";"PubChem BioAssays";"";"";"None";"";"";"";"21.244"
"CHEMBL1441885";"";"None";"303.41";"0";"3.51";"SID4259666";"CC1(C)Cc2nc3sc4c(O)ncnc4c3cc2CS1";"IC50";"'>'";"302.35";"nM";"";"";"active";"UO_0000065";"";"";"";"";"0";"CHEMBL1963907";"PUBCHEM_BIOASSAY: TRFRET-based biochemical high throughput dose response assay for inhibitors of the interaction of the Ras and Rab interactor 1 protein (Rin1) and the c-abl oncogene 1, non-receptor tyrosine kinase (Abl). (Class of assay: confirmatory) ";"F";"BAO_0000019";"assay format";"None";"None";"None";"None";"None";"";"";"";"CHEMBL3885630";"Ras and Rab interactor 1/Tyrosine-protein kinase ABL1";"Homo sapiens";"PROTEIN-PROTEIN INTERACTION";"CHEMBL1201862";"7";"PubChem BioAssays";"";"";"None";"";"";"";"0.30235"
"CHEMBL1482415";"";"None";"342.40";"0";"3.38";"SID56315716";"COc1ccc2oc(C(=O)NCC(c3ccco3)N(C)C)c(C)c2c1";"IC50";"'='";"3825.0";"nM";"5.42";"";"active";"UO_0000065";"";"";"";"";"0";"CHEMBL1963907";"PUBCHEM_BIOASSAY: TRFRET-based biochemical high throughput dose response assay for inhibitors of the interaction of the Ras and Rab interactor 1 protein (Rin1) and the c-abl oncogene 1, non-receptor tyrosine kinase (Abl). (Class of assay: confirmatory) ";"F";"BAO_0000019";"assay format";"None";"None";"None";"None";"None";"";"";"";"CHEMBL3885630";"Ras and Rab interactor 1/Tyrosine-protein kinase ABL1";"Homo sapiens";"PROTEIN-PROTEIN INTERACTION";"CHEMBL1201862";"7";"PubChem BioAssays";"";"";"None";"";"";"";"3.825"
"CHEMBL1588193";"";"None";"389.53";"0";"2.50";"SID49727827";"CC(C)c1ccc(NC(=O)CSc2nnc(CN3CCOCC3)n2C)cc1";"IC50";"'='";"14248.0";"nM";"4.85";"";"inactive";"UO_0000065";"";"";"";"";"0";"CHEMBL1963907";"PUBCHEM_BIOASSAY: TRFRET-based biochemical high throughput dose response assay for inhibitors of the interaction of the Ras and Rab interactor 1 protein (Rin1) and the c-abl oncogene 1, non-receptor tyrosine kinase (Abl). (Class of assay: confirmatory) ";"F";"BAO_0000019";"assay format";"None";"None";"None";"None";"None";"";"";"";"CHEMBL3885630";"Ras and Rab interactor 1/Tyrosine-protein kinase ABL1";"Homo sapiens";"PROTEIN-PROTEIN INTERACTION";"CHEMBL1201862";"7";"PubChem BioAssays";"";"";"None";"";"";"";"14.248"
"CHEMBL1534533";"";"None";"489.56";"0";"3.97";"SID24841382";"Cc1ccc(-c2nn3c(-c4ccco4)nnc3c3ccccc23)cc1S(=O)(=O)NCC1CCCO1";"IC50";"'>'";"73450.0";"nM";"";"";"inactive";"UO_0000065";"";"";"";"";"0";"CHEMBL1963907";"PUBCHEM_BIOASSAY: TRFRET-based biochemical high throughput dose response assay for inhibitors of the interaction of the Ras and Rab interactor 1 protein (Rin1) and the c-abl oncogene 1, non-receptor tyrosine kinase (Abl). (Class of assay: confirmatory) ";"F";"BAO_0000019";"assay format";"None";"None";"None";"None";"None";"";"";"";"CHEMBL3885630";"Ras and Rab interactor 1/Tyrosine-protein kinase ABL1";"Homo sapiens";"PROTEIN-PROTEIN INTERACTION";"CHEMBL1201862";"7";"PubChem BioAssays";"";"";"None";"";"";"";"73.45"
"CHEMBL1554805";"";"None";"467.57";"0";"1.42";"SID56322238";"COc1ccc(NC(=O)CN(C)C(=O)Cc2ccc(S(=O)(=O)N3CCOCC3)s2)cc1";"IC50";"'='";"2032.0";"nM";"5.69";"";"active";"UO_0000065";"";"";"";"";"0";"CHEMBL1963907";"PUBCHEM_BIOASSAY: TRFRET-based biochemical high throughput dose response assay for inhibitors of the interaction of the Ras and Rab interactor 1 protein (Rin1) and the c-abl oncogene 1, non-receptor tyrosine kinase (Abl). (Class of assay: confirmatory) ";"F";"BAO_0000019";"assay format";"None";"None";"None";"None";"None";"";"";"";"CHEMBL3885630";"Ras and Rab interactor 1/Tyrosine-protein kinase ABL1";"Homo sapiens";"PROTEIN-PROTEIN INTERACTION";"CHEMBL1201862";"7";"PubChem BioAssays";"";"";"None";"";"";"";"2.032"
"CHEMBL1999268";"";"None";"445.53";"0";"3.51";"SID121284973";"COc1ccc(-n2nnnc2C(C2CC2)N2CCC(n3c(O)nc4ccccc43)CC2)cc1";"IC50";"'='";"19779.0";"nM";"4.70";"";"inactive";"UO_0000065";"";"";"";"";"0";"CHEMBL1963907";"PUBCHEM_BIOASSAY: TRFRET-based biochemical high throughput dose response assay for inhibitors of the interaction of the Ras and Rab interactor 1 protein (Rin1) and the c-abl oncogene 1, non-receptor tyrosine kinase (Abl). (Class of assay: confirmatory) ";"F";"BAO_0000019";"assay format";"None";"None";"None";"None";"None";"";"";"";"CHEMBL3885630";"Ras and Rab interactor 1/Tyrosine-protein kinase ABL1";"Homo sapiens";"PROTEIN-PROTEIN INTERACTION";"CHEMBL1201862";"7";"PubChem BioAssays";"";"";"None";"";"";"";"19.779"
"CHEMBL1303511";"";"None";"260.30";"0";"1.43";"SID4254598";"COc1ccc(CCNc2cc(O)nc(N)n2)cc1";"IC50";"'='";"5152.0";"nM";"5.29";"";"active";"UO_0000065";"";"";"";"";"0";"CHEMBL1963907";"PUBCHEM_BIOASSAY: TRFRET-based biochemical high throughput dose response assay for inhibitors of the interaction of the Ras and Rab interactor 1 protein (Rin1) and the c-abl oncogene 1, non-receptor tyrosine kinase (Abl). (Class of assay: confirmatory) ";"F";"BAO_0000019";"assay format";"None";"None";"None";"None";"None";"";"";"";"CHEMBL3885630";"Ras and Rab interactor 1/Tyrosine-protein kinase ABL1";"Homo sapiens";"PROTEIN-PROTEIN INTERACTION";"CHEMBL1201862";"7";"PubChem BioAssays";"";"";"None";"";"";"";"5.152"
"CHEMBL1345558";"";"None";"468.98";"0";"4.21";"SID24794144";"CCOC(=O)c1ccc(NC(=O)COc2ccccc2CNCCc2ccccc2)cc1.Cl";"IC50";"'='";"25911.0";"nM";"4.59";"";"inactive";"UO_0000065";"";"";"";"";"0";"CHEMBL1963907";"PUBCHEM_BIOASSAY: TRFRET-based biochemical high throughput dose response assay for inhibitors of the interaction of the Ras and Rab interactor 1 protein (Rin1) and the c-abl oncogene 1, non-receptor tyrosine kinase (Abl). (Class of assay: confirmatory) ";"F";"BAO_0000019";"assay format";"None";"None";"None";"None";"None";"";"";"";"CHEMBL3885630";"Ras and Rab interactor 1/Tyrosine-protein kinase ABL1";"Homo sapiens";"PROTEIN-PROTEIN INTERACTION";"CHEMBL1201862";"7";"PubChem BioAssays";"";"";"None";"";"";"";"25.911"
"CHEMBL601757";"";"None";"207.19";"0";"-1.32";"SID14726526";"Cc1nc2c(=O)n(C)c(=O)nc-2n(C)n1";"IC50";"'='";"302.03";"nM";"6.52";"";"active";"UO_0000065";"";"";"";"";"0";"CHEMBL1963907";"PUBCHEM_BIOASSAY: TRFRET-based biochemical high throughput dose response assay for inhibitors of the interaction of the Ras and Rab interactor 1 protein (Rin1) and the c-abl oncogene 1, non-receptor tyrosine kinase (Abl). (Class of assay: confirmatory) ";"F";"BAO_0000019";"assay format";"None";"None";"None";"None";"None";"";"";"";"CHEMBL3885630";"Ras and Rab interactor 1/Tyrosine-protein kinase ABL1";"Homo sapiens";"PROTEIN-PROTEIN INTERACTION";"CHEMBL1201862";"7";"PubChem BioAssays";"";"";"None";"";"";"";"0.30203"
"CHEMBL1563598";"";"None";"372.42";"0";"1.96";"SID24787471";"CCOC(=O)c1ccc(NC(=O)COc2ccccc2CNCCO)cc1";"IC50";"'='";"25288.0";"nM";"4.60";"";"inactive";"UO_0000065";"";"";"";"";"0";"CHEMBL1963907";"PUBCHEM_BIOASSAY: TRFRET-based biochemical high throughput dose response assay for inhibitors of the interaction of the Ras and Rab interactor 1 protein (Rin1) and the c-abl oncogene 1, non-receptor tyrosine kinase (Abl). (Class of assay: confirmatory) ";"F";"BAO_0000019";"assay format";"None";"None";"None";"None";"None";"";"";"";"CHEMBL3885630";"Ras and Rab interactor 1/Tyrosine-protein kinase ABL1";"Homo sapiens";"PROTEIN-PROTEIN INTERACTION";"CHEMBL1201862";"7";"PubChem BioAssays";"";"";"None";"";"";"";"25.288"
"CHEMBL1369512";"";"None";"317.43";"0";"3.26";"SID24782487";"Cc1cccc(C)c1NC(=O)CCCCCC1NC(=O)NC1C";"IC50";"'='";"106.16";"nM";"6.97";"";"active";"UO_0000065";"";"";"";"";"0";"CHEMBL1963907";"PUBCHEM_BIOASSAY: TRFRET-based biochemical high throughput dose response assay for inhibitors of the interaction of the Ras and Rab interactor 1 protein (Rin1) and the c-abl oncogene 1, non-receptor tyrosine kinase (Abl). (Class of assay: confirmatory) ";"F";"BAO_0000019";"assay format";"None";"None";"None";"None";"None";"";"";"";"CHEMBL3885630";"Ras and Rab interactor 1/Tyrosine-protein kinase ABL1";"Homo sapiens";"PROTEIN-PROTEIN INTERACTION";"CHEMBL1201862";"7";"PubChem BioAssays";"";"";"None";"";"";"";"0.10616"
"CHEMBL1985678";"";"None";"456.55";"0";"3.46";"SID103076510";"OC[C@@H]1CN(Cc2ccc(-c3ccccc3)cc2)C[C@H](n2cnc3c(NC4CC4)ncnc32)O1";"IC50";"'='";"16949.0";"nM";"4.77";"";"inactive";"UO_0000065";"";"";"";"";"0";"CHEMBL1963907";"PUBCHEM_BIOASSAY: TRFRET-based biochemical high throughput dose response assay for inhibitors of the interaction of the Ras and Rab interactor 1 protein (Rin1) and the c-abl oncogene 1, non-receptor tyrosine kinase (Abl). (Class of assay: confirmatory) ";"F";"BAO_0000019";"assay format";"None";"None";"None";"None";"None";"";"";"";"CHEMBL3885630";"Ras and Rab interactor 1/Tyrosine-protein kinase ABL1";"Homo sapiens";"PROTEIN-PROTEIN INTERACTION";"CHEMBL1201862";"7";"PubChem BioAssays";"";"";"None";"";"";"";"16.949"
"CHEMBL1722341";"";"None";"313.79";"0";"3.90";"SID17512591";"O=C1N(c2cccc(Cl)c2)C(c2ccccc2)N2CCCN12";"IC50";"'='";"22185.0";"nM";"4.65";"";"inactive";"UO_0000065";"";"";"";"";"0";"CHEMBL1963907";"PUBCHEM_BIOASSAY: TRFRET-based biochemical high throughput dose response assay for inhibitors of the interaction of the Ras and Rab interactor 1 protein (Rin1) and the c-abl oncogene 1, non-receptor tyrosine kinase (Abl). (Class of assay: confirmatory) ";"F";"BAO_0000019";"assay format";"None";"None";"None";"None";"None";"";"";"";"CHEMBL3885630";"Ras and Rab interactor 1/Tyrosine-protein kinase ABL1";"Homo sapiens";"PROTEIN-PROTEIN INTERACTION";"CHEMBL1201862";"7";"PubChem BioAssays";"";"";"None";"";"";"";"22.185"
"CHEMBL1546337";"";"None";"297.38";"0";"3.94";"SID26661527";"Cc1nc(Nc2cccc(O)c2)c2c3c(sc2n1)CCC3";"IC50";"'>'";"73469.0";"nM";"";"";"inactive";"UO_0000065";"";"";"";"";"0";"CHEMBL1963907";"PUBCHEM_BIOASSAY: TRFRET-based biochemical high throughput dose response assay for inhibitors of the interaction of the Ras and Rab interactor 1 protein (Rin1) and the c-abl oncogene 1, non-receptor tyrosine kinase (Abl). (Class of assay: confirmatory) ";"F";"BAO_0000019";"assay format";"None";"None";"None";"None";"None";"";"";"";"CHEMBL3885630";"Ras and Rab interactor 1/Tyrosine-protein kinase ABL1";"Homo sapiens";"PROTEIN-PROTEIN INTERACTION";"CHEMBL1201862";"7";"PubChem BioAssays";"";"";"None";"";"";"";"73.469"
"CHEMBL1984216";"";"None";"407.52";"0";"3.63";"SID121285008";"Oc1nc2ccccc2n1C1CCN(C(c2nnnn2C2CCCC2)C2CC2)CC1";"IC50";"'='";"17263.0";"nM";"4.76";"";"inactive";"UO_0000065";"";"";"";"";"0";"CHEMBL1963907";"PUBCHEM_BIOASSAY: TRFRET-based biochemical high throughput dose response assay for inhibitors of the interaction of the Ras and Rab interactor 1 protein (Rin1) and the c-abl oncogene 1, non-receptor tyrosine kinase (Abl). (Class of assay: confirmatory) ";"F";"BAO_0000019";"assay format";"None";"None";"None";"None";"None";"";"";"";"CHEMBL3885630";"Ras and Rab interactor 1/Tyrosine-protein kinase ABL1";"Homo sapiens";"PROTEIN-PROTEIN INTERACTION";"CHEMBL1201862";"7";"PubChem BioAssays";"";"";"None";"";"";"";"17.263"
"CHEMBL1879480";"";"None";"569.62";"2";"3.93";"SID121284949";"COc1cccc(C(c2nnnn2-c2ccc3c(c2)OCCO3)N2CCC(n3c(O)nc4ccccc43)CC2)c1OC";"IC50";"'>'";"73446.0";"nM";"";"";"inactive";"UO_0000065";"";"";"";"";"0";"CHEMBL1963907";"PUBCHEM_BIOASSAY: TRFRET-based biochemical high throughput dose response assay for inhibitors of the interaction of the Ras and Rab interactor 1 protein (Rin1) and the c-abl oncogene 1, non-receptor tyrosine kinase (Abl). (Class of assay: confirmatory) ";"F";"BAO_0000019";"assay format";"None";"None";"None";"None";"None";"";"";"";"CHEMBL3885630";"Ras and Rab interactor 1/Tyrosine-protein kinase ABL1";"Homo sapiens";"PROTEIN-PROTEIN INTERACTION";"CHEMBL1201862";"7";"PubChem BioAssays";"";"";"None";"";"";"";"73.446"
"CHEMBL1410512";"";"None";"319.21";"0";"2.55";"SID4260247";"O=C(CC1SCCNC1=O)Nc1cc(Cl)cc(Cl)c1";"IC50";"'='";"26351.0";"nM";"4.58";"";"inactive";"UO_0000065";"";"";"";"";"0";"CHEMBL1963907";"PUBCHEM_BIOASSAY: TRFRET-based biochemical high throughput dose response assay for inhibitors of the interaction of the Ras and Rab interactor 1 protein (Rin1) and the c-abl oncogene 1, non-receptor tyrosine kinase (Abl). (Class of assay: confirmatory) ";"F";"BAO_0000019";"assay format";"None";"None";"None";"None";"None";"";"";"";"CHEMBL3885630";"Ras and Rab interactor 1/Tyrosine-protein kinase ABL1";"Homo sapiens";"PROTEIN-PROTEIN INTERACTION";"CHEMBL1201862";"7";"PubChem BioAssays";"";"";"None";"";"";"";"26.351"
"CHEMBL1562466";"";"None";"260.25";"0";"0.65";"SID26662280";"CC(=O)C1=C(C)OC2(O)c3ccccc3C(=O)C12O";"IC50";"'>'";"73426.0";"nM";"";"";"inactive";"UO_0000065";"";"";"";"";"0";"CHEMBL1963907";"PUBCHEM_BIOASSAY: TRFRET-based biochemical high throughput dose response assay for inhibitors of the interaction of the Ras and Rab interactor 1 protein (Rin1) and the c-abl oncogene 1, non-receptor tyrosine kinase (Abl). (Class of assay: confirmatory) ";"F";"BAO_0000019";"assay format";"None";"None";"None";"None";"None";"";"";"";"CHEMBL3885630";"Ras and Rab interactor 1/Tyrosine-protein kinase ABL1";"Homo sapiens";"PROTEIN-PROTEIN INTERACTION";"CHEMBL1201862";"7";"PubChem BioAssays";"";"";"None";"";"";"";"73.426"
"CHEMBL1901097";"";"None";"378.88";"0";"3.01";"SID57266764";"CN(Cc1ccccc1)S(=O)(=O)c1ccc(Cl)c(C(=O)N2CCC2)c1";"IC50";"'='";"32855.0";"nM";"4.48";"";"inactive";"UO_0000065";"";"";"";"";"0";"CHEMBL1963907";"PUBCHEM_BIOASSAY: TRFRET-based biochemical high throughput dose response assay for inhibitors of the interaction of the Ras and Rab interactor 1 protein (Rin1) and the c-abl oncogene 1, non-receptor tyrosine kinase (Abl). (Class of assay: confirmatory) ";"F";"BAO_0000019";"assay format";"None";"None";"None";"None";"None";"";"";"";"CHEMBL3885630";"Ras and Rab interactor 1/Tyrosine-protein kinase ABL1";"Homo sapiens";"PROTEIN-PROTEIN INTERACTION";"CHEMBL1201862";"7";"PubChem BioAssays";"";"";"None";"";"";"";"32.855"
"CHEMBL1501990";"";"None";"281.27";"0";"1.18";"SID4242461";"O=C(NC1(O)C(=O)c2ccccc2C1=O)c1ccccc1";"IC50";"'='";"25534.0";"nM";"4.59";"";"inactive";"UO_0000065";"";"";"";"";"0";"CHEMBL1963907";"PUBCHEM_BIOASSAY: TRFRET-based biochemical high throughput dose response assay for inhibitors of the interaction of the Ras and Rab interactor 1 protein (Rin1) and the c-abl oncogene 1, non-receptor tyrosine kinase (Abl). (Class of assay: confirmatory) ";"F";"BAO_0000019";"assay format";"None";"None";"None";"None";"None";"";"";"";"CHEMBL3885630";"Ras and Rab interactor 1/Tyrosine-protein kinase ABL1";"Homo sapiens";"PROTEIN-PROTEIN INTERACTION";"CHEMBL1201862";"7";"PubChem BioAssays";"";"";"None";"";"";"";"25.534"
"CHEMBL1340477";"";"None";"409.56";"0";"4.44";"SID49723564";"CC(C)n1cc(CN2CCC(C(=O)Nc3cccc(-c4cscn4)c3)CC2)cn1";"IC50";"'='";"54537.0";"nM";"4.26";"";"inactive";"UO_0000065";"";"";"";"";"0";"CHEMBL1963907";"PUBCHEM_BIOASSAY: TRFRET-based biochemical high throughput dose response assay for inhibitors of the interaction of the Ras and Rab interactor 1 protein (Rin1) and the c-abl oncogene 1, non-receptor tyrosine kinase (Abl). (Class of assay: confirmatory) ";"F";"BAO_0000019";"assay format";"None";"None";"None";"None";"None";"";"";"";"CHEMBL3885630";"Ras and Rab interactor 1/Tyrosine-protein kinase ABL1";"Homo sapiens";"PROTEIN-PROTEIN INTERACTION";"CHEMBL1201862";"7";"PubChem BioAssays";"";"";"None";"";"";"";"54.537"
"CHEMBL1232381";"";"None";"214.26";"0";"1.09";"SID47193703";"C[C@@H]1NC(=O)N[C@@H]1CCCCCC(=O)O";"IC50";"'='";"10.06";"nM";"8.00";"";"active";"UO_0000065";"";"";"";"";"0";"CHEMBL1963907";"PUBCHEM_BIOASSAY: TRFRET-based biochemical high throughput dose response assay for inhibitors of the interaction of the Ras and Rab interactor 1 protein (Rin1) and the c-abl oncogene 1, non-receptor tyrosine kinase (Abl). (Class of assay: confirmatory) ";"F";"BAO_0000019";"assay format";"None";"None";"None";"None";"None";"";"";"";"CHEMBL3885630";"Ras and Rab interactor 1/Tyrosine-protein kinase ABL1";"Homo sapiens";"PROTEIN-PROTEIN INTERACTION";"CHEMBL1201862";"7";"PubChem BioAssays";"";"";"None";"";"";"";"0.01006"
"CHEMBL1386620";"";"None";"302.76";"0";"2.04";"SID24782404";"O=C(CC1SCCNC1=O)Nc1ccc(F)c(Cl)c1";"IC50";"'='";"25692.0";"nM";"4.59";"";"inactive";"UO_0000065";"";"";"";"";"0";"CHEMBL1963907";"PUBCHEM_BIOASSAY: TRFRET-based biochemical high throughput dose response assay for inhibitors of the interaction of the Ras and Rab interactor 1 protein (Rin1) and the c-abl oncogene 1, non-receptor tyrosine kinase (Abl). (Class of assay: confirmatory) ";"F";"BAO_0000019";"assay format";"None";"None";"None";"None";"None";"";"";"";"CHEMBL3885630";"Ras and Rab interactor 1/Tyrosine-protein kinase ABL1";"Homo sapiens";"PROTEIN-PROTEIN INTERACTION";"CHEMBL1201862";"7";"PubChem BioAssays";"";"";"None";"";"";"";"25.692"
"CHEMBL1399010";"";"None";"224.21";"0";"1.23";"SID26725077";"COc1cc(O)c(C(C)=O)c(CC(=O)O)c1";"IC50";"'='";"15641.0";"nM";"4.81";"";"inactive";"UO_0000065";"";"";"";"";"0";"CHEMBL1963907";"PUBCHEM_BIOASSAY: TRFRET-based biochemical high throughput dose response assay for inhibitors of the interaction of the Ras and Rab interactor 1 protein (Rin1) and the c-abl oncogene 1, non-receptor tyrosine kinase (Abl). (Class of assay: confirmatory) ";"F";"BAO_0000019";"assay format";"None";"None";"None";"None";"None";"";"";"";"CHEMBL3885630";"Ras and Rab interactor 1/Tyrosine-protein kinase ABL1";"Homo sapiens";"PROTEIN-PROTEIN INTERACTION";"CHEMBL1201862";"7";"PubChem BioAssays";"";"";"None";"";"";"";"15.641"
"CHEMBL1399113";"";"None";"341.81";"0";"3.44";"SID24808639";"CC1NC(=O)NC1CCCCCC(=O)Nc1ccc(F)c(Cl)c1";"IC50";"'='";"15.03";"nM";"7.82";"";"active";"UO_0000065";"";"";"";"";"0";"CHEMBL1963907";"PUBCHEM_BIOASSAY: TRFRET-based biochemical high throughput dose response assay for inhibitors of the interaction of the Ras and Rab interactor 1 protein (Rin1) and the c-abl oncogene 1, non-receptor tyrosine kinase (Abl). (Class of assay: confirmatory) ";"F";"BAO_0000019";"assay format";"None";"None";"None";"None";"None";"";"";"";"CHEMBL3885630";"Ras and Rab interactor 1/Tyrosine-protein kinase ABL1";"Homo sapiens";"PROTEIN-PROTEIN INTERACTION";"CHEMBL1201862";"7";"PubChem BioAssays";"";"";"None";"";"";"";"0.01503"
"CHEMBL1972502";"";"None";"580.73";"2";"5.16";"SID89855156";"CN(CCc1ccccc1)C(=O)c1ccc(NC(=O)Cc2ccc(NC(=O)C3CCN(C(=O)C4CCC4)CC3)cc2)cc1";"IC50";"'='";"16901.0";"nM";"4.77";"";"inactive";"UO_0000065";"";"";"";"";"0";"CHEMBL1963907";"PUBCHEM_BIOASSAY: TRFRET-based biochemical high throughput dose response assay for inhibitors of the interaction of the Ras and Rab interactor 1 protein (Rin1) and the c-abl oncogene 1, non-receptor tyrosine kinase (Abl). (Class of assay: confirmatory) ";"F";"BAO_0000019";"assay format";"None";"None";"None";"None";"None";"";"";"";"CHEMBL3885630";"Ras and Rab interactor 1/Tyrosine-protein kinase ABL1";"Homo sapiens";"PROTEIN-PROTEIN INTERACTION";"CHEMBL1201862";"7";"PubChem BioAssays";"";"";"None";"";"";"";"16.901"
"CHEMBL1302170";"";"None";"448.94";"1";"5.09";"SID87347868";"O=S(=O)(Nc1cc2nc3ccccc3nc2n1Cc1ccccc1)c1ccc(Cl)cc1";"IC50";"'>'";"73457.0";"nM";"";"";"inactive";"UO_0000065";"";"";"";"";"0";"CHEMBL1963907";"PUBCHEM_BIOASSAY: TRFRET-based biochemical high throughput dose response assay for inhibitors of the interaction of the Ras and Rab interactor 1 protein (Rin1) and the c-abl oncogene 1, non-receptor tyrosine kinase (Abl). (Class of assay: confirmatory) ";"F";"BAO_0000019";"assay format";"None";"None";"None";"None";"None";"";"";"";"CHEMBL3885630";"Ras and Rab interactor 1/Tyrosine-protein kinase ABL1";"Homo sapiens";"PROTEIN-PROTEIN INTERACTION";"CHEMBL1201862";"7";"PubChem BioAssays";"";"";"None";"";"";"";"73.457"
"CHEMBL1458321";"";"None";"350.16";"0";"2.49";"SID26729743";"O=C(NC1(O)C(=O)c2ccccc2C1=O)c1c(Cl)cccc1Cl";"IC50";"'='";"20978.0";"nM";"4.68";"";"inactive";"UO_0000065";"";"";"";"";"0";"CHEMBL1963907";"PUBCHEM_BIOASSAY: TRFRET-based biochemical high throughput dose response assay for inhibitors of the interaction of the Ras and Rab interactor 1 protein (Rin1) and the c-abl oncogene 1, non-receptor tyrosine kinase (Abl). (Class of assay: confirmatory) ";"F";"BAO_0000019";"assay format";"None";"None";"None";"None";"None";"";"";"";"CHEMBL3885630";"Ras and Rab interactor 1/Tyrosine-protein kinase ABL1";"Homo sapiens";"PROTEIN-PROTEIN INTERACTION";"CHEMBL1201862";"7";"PubChem BioAssays";"";"";"None";"";"";"";"20.978"
"CHEMBL1540298";"";"None";"347.40";"0";"1.55";"SID49732711";"CSc1ccccc1OCc1cc(C(=O)N2CCNC(=O)C2)no1";"IC50";"'='";"6881.0";"nM";"5.16";"";"active";"UO_0000065";"";"";"";"";"0";"CHEMBL1963907";"PUBCHEM_BIOASSAY: TRFRET-based biochemical high throughput dose response assay for inhibitors of the interaction of the Ras and Rab interactor 1 protein (Rin1) and the c-abl oncogene 1, non-receptor tyrosine kinase (Abl). (Class of assay: confirmatory) ";"F";"BAO_0000019";"assay format";"None";"None";"None";"None";"None";"";"";"";"CHEMBL3885630";"Ras and Rab interactor 1/Tyrosine-protein kinase ABL1";"Homo sapiens";"PROTEIN-PROTEIN INTERACTION";"CHEMBL1201862";"7";"PubChem BioAssays";"";"";"None";"";"";"";"6.881"
"CHEMBL1866973";"";"None";"455.63";"0";"4.36";"SID121285002";"CSCCC(c1nnnn1C1CCCCC1)N1CCC(n2c(O)nc3ccccc32)CC1";"IC50";"'='";"6815.0";"nM";"5.17";"";"active";"UO_0000065";"";"";"";"";"0";"CHEMBL1963907";"PUBCHEM_BIOASSAY: TRFRET-based biochemical high throughput dose response assay for inhibitors of the interaction of the Ras and Rab interactor 1 protein (Rin1) and the c-abl oncogene 1, non-receptor tyrosine kinase (Abl). (Class of assay: confirmatory) ";"F";"BAO_0000019";"assay format";"None";"None";"None";"None";"None";"";"";"";"CHEMBL3885630";"Ras and Rab interactor 1/Tyrosine-protein kinase ABL1";"Homo sapiens";"PROTEIN-PROTEIN INTERACTION";"CHEMBL1201862";"7";"PubChem BioAssays";"";"";"None";"";"";"";"6.815"
"CHEMBL1467176";"";"None";"486.04";"1";"5.07";"SID49677250";"CCOc1ccc2nc(N(CCN(C)C)C(=O)c3cc4ccccc4cc3OC)sc2c1.Cl";"IC50";"'='";"52022.0";"nM";"4.28";"";"inactive";"UO_0000065";"";"";"";"";"0";"CHEMBL1963907";"PUBCHEM_BIOASSAY: TRFRET-based biochemical high throughput dose response assay for inhibitors of the interaction of the Ras and Rab interactor 1 protein (Rin1) and the c-abl oncogene 1, non-receptor tyrosine kinase (Abl). (Class of assay: confirmatory) ";"F";"BAO_0000019";"assay format";"None";"None";"None";"None";"None";"";"";"";"CHEMBL3885630";"Ras and Rab interactor 1/Tyrosine-protein kinase ABL1";"Homo sapiens";"PROTEIN-PROTEIN INTERACTION";"CHEMBL1201862";"7";"PubChem BioAssays";"";"";"None";"";"";"";"52.022"
"CHEMBL1607498";"";"None";"323.35";"0";"1.71";"SID24793008";"O=C1CNC(=O)N1CC(O)Cn1c2ccccc2c2ccccc21";"IC50";"'='";"11928.0";"nM";"4.92";"";"inactive";"UO_0000065";"";"";"";"";"0";"CHEMBL1963907";"PUBCHEM_BIOASSAY: TRFRET-based biochemical high throughput dose response assay for inhibitors of the interaction of the Ras and Rab interactor 1 protein (Rin1) and the c-abl oncogene 1, non-receptor tyrosine kinase (Abl). (Class of assay: confirmatory) ";"F";"BAO_0000019";"assay format";"None";"None";"None";"None";"None";"";"";"";"CHEMBL3885630";"Ras and Rab interactor 1/Tyrosine-protein kinase ABL1";"Homo sapiens";"PROTEIN-PROTEIN INTERACTION";"CHEMBL1201862";"7";"PubChem BioAssays";"";"";"None";"";"";"";"11.928"
"CHEMBL1343866";"";"None";"476.53";"0";"2.30";"SID24805142";"CCOC(=O)N1CCN(C(=O)Nc2ccc(NC(=O)N3CCN(C(=O)OCC)CC3)cc2)CC1";"IC50";"'='";"7811.0";"nM";"5.11";"";"active";"UO_0000065";"";"";"";"";"0";"CHEMBL1963907";"PUBCHEM_BIOASSAY: TRFRET-based biochemical high throughput dose response assay for inhibitors of the interaction of the Ras and Rab interactor 1 protein (Rin1) and the c-abl oncogene 1, non-receptor tyrosine kinase (Abl). (Class of assay: confirmatory) ";"F";"BAO_0000019";"assay format";"None";"None";"None";"None";"None";"";"";"";"CHEMBL3885630";"Ras and Rab interactor 1/Tyrosine-protein kinase ABL1";"Homo sapiens";"PROTEIN-PROTEIN INTERACTION";"CHEMBL1201862";"7";"PubChem BioAssays";"";"";"None";"";"";"";"7.811"
"CHEMBL1373522";"";"None";"272.26";"0";"1.36";"SID47198126";"COC(=O)c1cccc(NC(=O)c2ccc[n+]([O-])c2)c1";"IC50";"'='";"18002.0";"nM";"4.75";"";"inactive";"UO_0000065";"";"";"";"";"0";"CHEMBL1963907";"PUBCHEM_BIOASSAY: TRFRET-based biochemical high throughput dose response assay for inhibitors of the interaction of the Ras and Rab interactor 1 protein (Rin1) and the c-abl oncogene 1, non-receptor tyrosine kinase (Abl). (Class of assay: confirmatory) ";"F";"BAO_0000019";"assay format";"None";"None";"None";"None";"None";"";"";"";"CHEMBL3885630";"Ras and Rab interactor 1/Tyrosine-protein kinase ABL1";"Homo sapiens";"PROTEIN-PROTEIN INTERACTION";"CHEMBL1201862";"7";"PubChem BioAssays";"";"";"None";"";"";"";"18.002"
"CHEMBL1710639";"";"None";"254.31";"0";"2.59";"SID26665285";"COC(=O)Nc1csc2c1NC(=O)CCCC2";"IC50";"'='";"5541.0";"nM";"5.26";"";"active";"UO_0000065";"";"";"";"";"0";"CHEMBL1963907";"PUBCHEM_BIOASSAY: TRFRET-based biochemical high throughput dose response assay for inhibitors of the interaction of the Ras and Rab interactor 1 protein (Rin1) and the c-abl oncogene 1, non-receptor tyrosine kinase (Abl). (Class of assay: confirmatory) ";"F";"BAO_0000019";"assay format";"None";"None";"None";"None";"None";"";"";"";"CHEMBL3885630";"Ras and Rab interactor 1/Tyrosine-protein kinase ABL1";"Homo sapiens";"PROTEIN-PROTEIN INTERACTION";"CHEMBL1201862";"7";"PubChem BioAssays";"";"";"None";"";"";"";"5.541"
"CHEMBL1894914";"";"None";"488.40";"0";"1.23";"SID87335980";"Cc1cc(S(=O)(=O)N2CCN(C(=O)CCC(=O)N3CCOCC3)CC2)ccc1Br";"IC50";"'='";"21456.0";"nM";"4.67";"";"inactive";"UO_0000065";"";"";"";"";"0";"CHEMBL1963907";"PUBCHEM_BIOASSAY: TRFRET-based biochemical high throughput dose response assay for inhibitors of the interaction of the Ras and Rab interactor 1 protein (Rin1) and the c-abl oncogene 1, non-receptor tyrosine kinase (Abl). (Class of assay: confirmatory) ";"F";"BAO_0000019";"assay format";"None";"None";"None";"None";"None";"";"";"";"CHEMBL3885630";"Ras and Rab interactor 1/Tyrosine-protein kinase ABL1";"Homo sapiens";"PROTEIN-PROTEIN INTERACTION";"CHEMBL1201862";"7";"PubChem BioAssays";"";"";"None";"";"";"";"21.456"
"CHEMBL1376263";"";"None";"283.28";"0";"2.74";"SID7977022";"COC(=O)c1c(C)nc(C)c2c(=O)oc3ccccc3c12";"IC50";"'>'";"73463.0";"nM";"";"";"inactive";"UO_0000065";"";"";"";"";"0";"CHEMBL1963907";"PUBCHEM_BIOASSAY: TRFRET-based biochemical high throughput dose response assay for inhibitors of the interaction of the Ras and Rab interactor 1 protein (Rin1) and the c-abl oncogene 1, non-receptor tyrosine kinase (Abl). (Class of assay: confirmatory) ";"F";"BAO_0000019";"assay format";"None";"None";"None";"None";"None";"";"";"";"CHEMBL3885630";"Ras and Rab interactor 1/Tyrosine-protein kinase ABL1";"Homo sapiens";"PROTEIN-PROTEIN INTERACTION";"CHEMBL1201862";"7";"PubChem BioAssays";"";"";"None";"";"";"";"73.463"
"CHEMBL1879781";"";"None";"446.60";"0";"0.23";"SID57260764";"COCCN(CCOC)C(=O)CSc1ccc(S(=O)(=O)N2CCN(C)CC2)cn1";"IC50";"'='";"20493.0";"nM";"4.69";"";"inactive";"UO_0000065";"";"";"";"";"0";"CHEMBL1963907";"PUBCHEM_BIOASSAY: TRFRET-based biochemical high throughput dose response assay for inhibitors of the interaction of the Ras and Rab interactor 1 protein (Rin1) and the c-abl oncogene 1, non-receptor tyrosine kinase (Abl). (Class of assay: confirmatory) ";"F";"BAO_0000019";"assay format";"None";"None";"None";"None";"None";"";"";"";"CHEMBL3885630";"Ras and Rab interactor 1/Tyrosine-protein kinase ABL1";"Homo sapiens";"PROTEIN-PROTEIN INTERACTION";"CHEMBL1201862";"7";"PubChem BioAssays";"";"";"None";"";"";"";"20.493"
"CHEMBL1874848";"";"None";"473.54";"0";"3.28";"SID121284952";"Oc1nc2ccccc2n1C1CCN(C(c2nnnn2-c2ccc3c(c2)OCCO3)C2CC2)CC1";"IC50";"'='";"40876.0";"nM";"4.39";"";"inactive";"UO_0000065";"";"";"";"";"0";"CHEMBL1963907";"PUBCHEM_BIOASSAY: TRFRET-based biochemical high throughput dose response assay for inhibitors of the interaction of the Ras and Rab interactor 1 protein (Rin1) and the c-abl oncogene 1, non-receptor tyrosine kinase (Abl). (Class of assay: confirmatory) ";"F";"BAO_0000019";"assay format";"None";"None";"None";"None";"None";"";"";"";"CHEMBL3885630";"Ras and Rab interactor 1/Tyrosine-protein kinase ABL1";"Homo sapiens";"PROTEIN-PROTEIN INTERACTION";"CHEMBL1201862";"7";"PubChem BioAssays";"";"";"None";"";"";"";"40.876"
"CHEMBL1440389";"";"None";"522.87";"1";"2.39";"SID56315603";"CC12CCC(=O)N1C(C(=O)N1CCN(S(=O)(=O)c3ccc(Br)cc3Cl)CC1)CS2";"IC50";"'='";"17015.0";"nM";"4.77";"";"inactive";"UO_0000065";"";"";"";"";"0";"CHEMBL1963907";"PUBCHEM_BIOASSAY: TRFRET-based biochemical high throughput dose response assay for inhibitors of the interaction of the Ras and Rab interactor 1 protein (Rin1) and the c-abl oncogene 1, non-receptor tyrosine kinase (Abl). (Class of assay: confirmatory) ";"F";"BAO_0000019";"assay format";"None";"None";"None";"None";"None";"";"";"";"CHEMBL3885630";"Ras and Rab interactor 1/Tyrosine-protein kinase ABL1";"Homo sapiens";"PROTEIN-PROTEIN INTERACTION";"CHEMBL1201862";"7";"PubChem BioAssays";"";"";"None";"";"";"";"17.015"
"CHEMBL1417159";"";"None";"166.18";"0";"0.96";"SID24841429";"O=C(CCO)c1ccc(O)cc1";"IC50";"'='";"11881.0";"nM";"4.92";"";"inactive";"UO_0000065";"";"";"";"";"0";"CHEMBL1963907";"PUBCHEM_BIOASSAY: TRFRET-based biochemical high throughput dose response assay for inhibitors of the interaction of the Ras and Rab interactor 1 protein (Rin1) and the c-abl oncogene 1, non-receptor tyrosine kinase (Abl). (Class of assay: confirmatory) ";"F";"BAO_0000019";"assay format";"None";"None";"None";"None";"None";"";"";"";"CHEMBL3885630";"Ras and Rab interactor 1/Tyrosine-protein kinase ABL1";"Homo sapiens";"PROTEIN-PROTEIN INTERACTION";"CHEMBL1201862";"7";"PubChem BioAssays";"";"";"None";"";"";"";"11.881"
"CHEMBL1728023";"";"None";"322.27";"0";"2.28";"SID93576921";"O.O.O=c1c(O)c(-c2ccc(O)c(O)c2)oc2cc(O)ccc12";"IC50";"'>'";"73472.0";"nM";"";"";"inactive";"UO_0000065";"";"";"";"";"0";"CHEMBL1963907";"PUBCHEM_BIOASSAY: TRFRET-based biochemical high throughput dose response assay for inhibitors of the interaction of the Ras and Rab interactor 1 protein (Rin1) and the c-abl oncogene 1, non-receptor tyrosine kinase (Abl). (Class of assay: confirmatory) ";"F";"BAO_0000019";"assay format";"None";"None";"None";"None";"None";"";"";"";"CHEMBL3885630";"Ras and Rab interactor 1/Tyrosine-protein kinase ABL1";"Homo sapiens";"PROTEIN-PROTEIN INTERACTION";"CHEMBL1201862";"7";"PubChem BioAssays";"";"";"None";"";"";"";"73.472"
"CHEMBL3391757";"";"None";"304.43";"0";"3.14";"SID85305128";"C[C@]12CC[C@H](O)C[C@@H]1CC(=O)[C@@H]1[C@@H]2CC[C@]2(C)C(=O)CC[C@@H]12";"IC50";"'='";"33758.0";"nM";"4.47";"";"inactive";"UO_0000065";"";"";"";"";"0";"CHEMBL1963907";"PUBCHEM_BIOASSAY: TRFRET-based biochemical high throughput dose response assay for inhibitors of the interaction of the Ras and Rab interactor 1 protein (Rin1) and the c-abl oncogene 1, non-receptor tyrosine kinase (Abl). (Class of assay: confirmatory) ";"F";"BAO_0000019";"assay format";"None";"None";"None";"None";"None";"";"";"";"CHEMBL3885630";"Ras and Rab interactor 1/Tyrosine-protein kinase ABL1";"Homo sapiens";"PROTEIN-PROTEIN INTERACTION";"CHEMBL1201862";"7";"PubChem BioAssays";"";"";"None";"";"";"";"33.758"
"CHEMBL1732813";"";"None";"218.28";"0";"2.47";"SID87336271";"Oc1cc(SCc2ccccc2)ncn1";"IC50";"'='";"514.16";"nM";"6.29";"";"active";"UO_0000065";"";"";"";"";"0";"CHEMBL1963907";"PUBCHEM_BIOASSAY: TRFRET-based biochemical high throughput dose response assay for inhibitors of the interaction of the Ras and Rab interactor 1 protein (Rin1) and the c-abl oncogene 1, non-receptor tyrosine kinase (Abl). (Class of assay: confirmatory) ";"F";"BAO_0000019";"assay format";"None";"None";"None";"None";"None";"";"";"";"CHEMBL3885630";"Ras and Rab interactor 1/Tyrosine-protein kinase ABL1";"Homo sapiens";"PROTEIN-PROTEIN INTERACTION";"CHEMBL1201862";"7";"PubChem BioAssays";"";"";"None";"";"";"";"0.51416"
"CHEMBL1463143";"";"None";"353.45";"0";"1.88";"SID856548";"CN1CCN(C(=O)CSc2nc(-c3ccncc3)ccc2C#N)CC1";"IC50";"'='";"38984.0";"nM";"4.41";"";"inactive";"UO_0000065";"";"";"";"";"0";"CHEMBL1963907";"PUBCHEM_BIOASSAY: TRFRET-based biochemical high throughput dose response assay for inhibitors of the interaction of the Ras and Rab interactor 1 protein (Rin1) and the c-abl oncogene 1, non-receptor tyrosine kinase (Abl). (Class of assay: confirmatory) ";"F";"BAO_0000019";"assay format";"None";"None";"None";"None";"None";"";"";"";"CHEMBL3885630";"Ras and Rab interactor 1/Tyrosine-protein kinase ABL1";"Homo sapiens";"PROTEIN-PROTEIN INTERACTION";"CHEMBL1201862";"7";"PubChem BioAssays";"";"";"None";"";"";"";"38.984"
"CHEMBL1329549";"";"None";"496.59";"0";"4.59";"SID17511337";"CCOC(=O)CCCCC(=O)c1[nH]c(O)nc1CSc1nnc2c3ccccc3n(C(C)C)c2n1";"IC50";"'='";"3458.0";"nM";"5.46";"";"active";"UO_0000065";"";"";"";"";"0";"CHEMBL1963907";"PUBCHEM_BIOASSAY: TRFRET-based biochemical high throughput dose response assay for inhibitors of the interaction of the Ras and Rab interactor 1 protein (Rin1) and the c-abl oncogene 1, non-receptor tyrosine kinase (Abl). (Class of assay: confirmatory) ";"F";"BAO_0000019";"assay format";"None";"None";"None";"None";"None";"";"";"";"CHEMBL3885630";"Ras and Rab interactor 1/Tyrosine-protein kinase ABL1";"Homo sapiens";"PROTEIN-PROTEIN INTERACTION";"CHEMBL1201862";"7";"PubChem BioAssays";"";"";"None";"";"";"";"3.458"
"CHEMBL1577193";"";"None";"290.27";"0";"0.63";"SID26662598";"CCOC(=O)C1=C(C)OC2(O)c3ccccc3C(=O)C12O";"IC50";"'='";"11144.0";"nM";"4.95";"";"inactive";"UO_0000065";"";"";"";"";"0";"CHEMBL1963907";"PUBCHEM_BIOASSAY: TRFRET-based biochemical high throughput dose response assay for inhibitors of the interaction of the Ras and Rab interactor 1 protein (Rin1) and the c-abl oncogene 1, non-receptor tyrosine kinase (Abl). (Class of assay: confirmatory) ";"F";"BAO_0000019";"assay format";"None";"None";"None";"None";"None";"";"";"";"CHEMBL3885630";"Ras and Rab interactor 1/Tyrosine-protein kinase ABL1";"Homo sapiens";"PROTEIN-PROTEIN INTERACTION";"CHEMBL1201862";"7";"PubChem BioAssays";"";"";"None";"";"";"";"11.144"
"CHEMBL1728280";"";"None";"255.23";"0";"1.12";"SID92763827";"COC1=CC(=O)c2c(ccc3ncnc(N)c23)C1=O";"IC50";"'>'";"73355.0";"nM";"";"";"inactive";"UO_0000065";"";"";"";"";"0";"CHEMBL1963907";"PUBCHEM_BIOASSAY: TRFRET-based biochemical high throughput dose response assay for inhibitors of the interaction of the Ras and Rab interactor 1 protein (Rin1) and the c-abl oncogene 1, non-receptor tyrosine kinase (Abl). (Class of assay: confirmatory) ";"F";"BAO_0000019";"assay format";"None";"None";"None";"None";"None";"";"";"";"CHEMBL3885630";"Ras and Rab interactor 1/Tyrosine-protein kinase ABL1";"Homo sapiens";"PROTEIN-PROTEIN INTERACTION";"CHEMBL1201862";"7";"PubChem BioAssays";"";"";"None";"";"";"";"73.355"
"CHEMBL1440196";"";"None";"446.56";"0";"4.31";"SID56320616";"Cc1ccc(-n2c(SCc3cc(=O)n4ccsc4n3)nnc2-c2cccnc2)c(C)c1";"IC50";"'='";"19588.0";"nM";"4.71";"";"inactive";"UO_0000065";"";"";"";"";"0";"CHEMBL1963907";"PUBCHEM_BIOASSAY: TRFRET-based biochemical high throughput dose response assay for inhibitors of the interaction of the Ras and Rab interactor 1 protein (Rin1) and the c-abl oncogene 1, non-receptor tyrosine kinase (Abl). (Class of assay: confirmatory) ";"F";"BAO_0000019";"assay format";"None";"None";"None";"None";"None";"";"";"";"CHEMBL3885630";"Ras and Rab interactor 1/Tyrosine-protein kinase ABL1";"Homo sapiens";"PROTEIN-PROTEIN INTERACTION";"CHEMBL1201862";"7";"PubChem BioAssays";"";"";"None";"";"";"";"19.588"
"CHEMBL1611426";"";"None";"440.57";"0";"1.68";"SID862587";"OCCN1CCN(c2ncnc3c2sc2nc(N4CCOCC4)c4c(c23)CCC4)CC1";"IC50";"'='";"24186.0";"nM";"4.62";"";"inactive";"UO_0000065";"";"";"";"";"0";"CHEMBL1963907";"PUBCHEM_BIOASSAY: TRFRET-based biochemical high throughput dose response assay for inhibitors of the interaction of the Ras and Rab interactor 1 protein (Rin1) and the c-abl oncogene 1, non-receptor tyrosine kinase (Abl). (Class of assay: confirmatory) ";"F";"BAO_0000019";"assay format";"None";"None";"None";"None";"None";"";"";"";"CHEMBL3885630";"Ras and Rab interactor 1/Tyrosine-protein kinase ABL1";"Homo sapiens";"PROTEIN-PROTEIN INTERACTION";"CHEMBL1201862";"7";"PubChem BioAssays";"";"";"None";"";"";"";"24.186"
"CHEMBL1347510";"";"None";"420.47";"0";"3.47";"SID4249119";"COc1ccccc1OCc1ccc(C(=O)N2CCN(C(=O)c3ccco3)CC2)cc1";"IC50";"'='";"36018.0";"nM";"4.44";"";"inactive";"UO_0000065";"";"";"";"";"0";"CHEMBL1963907";"PUBCHEM_BIOASSAY: TRFRET-based biochemical high throughput dose response assay for inhibitors of the interaction of the Ras and Rab interactor 1 protein (Rin1) and the c-abl oncogene 1, non-receptor tyrosine kinase (Abl). (Class of assay: confirmatory) ";"F";"BAO_0000019";"assay format";"None";"None";"None";"None";"None";"";"";"";"CHEMBL3885630";"Ras and Rab interactor 1/Tyrosine-protein kinase ABL1";"Homo sapiens";"PROTEIN-PROTEIN INTERACTION";"CHEMBL1201862";"7";"PubChem BioAssays";"";"";"None";"";"";"";"36.018"
"CHEMBL1496456";"";"None";"574.66";"1";"3.45";"SID49728169";"CCOc1ccccc1N(C(=O)c1snc(C(N)=O)c1N)C(C(=O)NCC1CCCO1)c1ccc2ncccc2c1";"IC50";"'='";"25072.0";"nM";"4.60";"";"inactive";"UO_0000065";"";"";"";"";"0";"CHEMBL1963907";"PUBCHEM_BIOASSAY: TRFRET-based biochemical high throughput dose response assay for inhibitors of the interaction of the Ras and Rab interactor 1 protein (Rin1) and the c-abl oncogene 1, non-receptor tyrosine kinase (Abl). (Class of assay: confirmatory) ";"F";"BAO_0000019";"assay format";"None";"None";"None";"None";"None";"";"";"";"CHEMBL3885630";"Ras and Rab interactor 1/Tyrosine-protein kinase ABL1";"Homo sapiens";"PROTEIN-PROTEIN INTERACTION";"CHEMBL1201862";"7";"PubChem BioAssays";"";"";"None";"";"";"";"25.072"
"CHEMBL2006834";"";"None";"646.79";"1";"2.84";"SID87342643";"CC[C@]12c3[nH]c4ccc(OC)cc4c3CCN1C(=O)C(CC(=O)NCCCN(C)C)C[C@@H]2C(=O)N1CCN(C(=O)c2ccco2)CC1";"IC50";"'='";"35274.0";"nM";"4.45";"";"inactive";"UO_0000065";"";"";"";"";"0";"CHEMBL1963907";"PUBCHEM_BIOASSAY: TRFRET-based biochemical high throughput dose response assay for inhibitors of the interaction of the Ras and Rab interactor 1 protein (Rin1) and the c-abl oncogene 1, non-receptor tyrosine kinase (Abl). (Class of assay: confirmatory) ";"F";"BAO_0000019";"assay format";"None";"None";"None";"None";"None";"";"";"";"CHEMBL3885630";"Ras and Rab interactor 1/Tyrosine-protein kinase ABL1";"Homo sapiens";"PROTEIN-PROTEIN INTERACTION";"CHEMBL1201862";"7";"PubChem BioAssays";"";"";"None";"";"";"";"35.274"
"CHEMBL1973574";"";"None";"460.54";"0";"2.29";"SID103074010";"OCCNc1ncnc2c1ncn2[C@H]1CN(Cc2ccc(-c3ccccc3)cc2)C[C@@H](CO)O1";"IC50";"'='";"12558.0";"nM";"4.90";"";"inactive";"UO_0000065";"";"";"";"";"0";"CHEMBL1963907";"PUBCHEM_BIOASSAY: TRFRET-based biochemical high throughput dose response assay for inhibitors of the interaction of the Ras and Rab interactor 1 protein (Rin1) and the c-abl oncogene 1, non-receptor tyrosine kinase (Abl). (Class of assay: confirmatory) ";"F";"BAO_0000019";"assay format";"None";"None";"None";"None";"None";"";"";"";"CHEMBL3885630";"Ras and Rab interactor 1/Tyrosine-protein kinase ABL1";"Homo sapiens";"PROTEIN-PROTEIN INTERACTION";"CHEMBL1201862";"7";"PubChem BioAssays";"";"";"None";"";"";"";"12.558"
"CHEMBL1481336";"";"None";"346.81";"0";"4.02";"SID56315723";"Cc1c(C(=O)NCC(c2ccco2)N(C)C)oc2c(Cl)cccc12";"IC50";"'='";"5066.0";"nM";"5.29";"";"active";"UO_0000065";"";"";"";"";"0";"CHEMBL1963907";"PUBCHEM_BIOASSAY: TRFRET-based biochemical high throughput dose response assay for inhibitors of the interaction of the Ras and Rab interactor 1 protein (Rin1) and the c-abl oncogene 1, non-receptor tyrosine kinase (Abl). (Class of assay: confirmatory) ";"F";"BAO_0000019";"assay format";"None";"None";"None";"None";"None";"";"";"";"CHEMBL3885630";"Ras and Rab interactor 1/Tyrosine-protein kinase ABL1";"Homo sapiens";"PROTEIN-PROTEIN INTERACTION";"CHEMBL1201862";"7";"PubChem BioAssays";"";"";"None";"";"";"";"5.066"
"CHEMBL1999018";"";"None";"474.57";"0";"2.68";"SID99456074";"OCCCNc1ncnc2c1ncn2[C@H]1CN(Cc2ccc(-c3ccccc3)cc2)C[C@@H](CO)O1";"IC50";"'='";"20641.0";"nM";"4.68";"";"inactive";"UO_0000065";"";"";"";"";"0";"CHEMBL1963907";"PUBCHEM_BIOASSAY: TRFRET-based biochemical high throughput dose response assay for inhibitors of the interaction of the Ras and Rab interactor 1 protein (Rin1) and the c-abl oncogene 1, non-receptor tyrosine kinase (Abl). (Class of assay: confirmatory) ";"F";"BAO_0000019";"assay format";"None";"None";"None";"None";"None";"";"";"";"CHEMBL3885630";"Ras and Rab interactor 1/Tyrosine-protein kinase ABL1";"Homo sapiens";"PROTEIN-PROTEIN INTERACTION";"CHEMBL1201862";"7";"PubChem BioAssays";"";"";"None";"";"";"";"20.641"
"CHEMBL1978670";"";"None";"398.46";"0";"3.07";"SID103162829";"CCCOc1ccc(/C=C/C(=O)N2CCN(C(=O)c3ccco3)CC2)cc1OC";"IC50";"'>'";"73460.0";"nM";"";"";"inactive";"UO_0000065";"";"";"";"";"0";"CHEMBL1963907";"PUBCHEM_BIOASSAY: TRFRET-based biochemical high throughput dose response assay for inhibitors of the interaction of the Ras and Rab interactor 1 protein (Rin1) and the c-abl oncogene 1, non-receptor tyrosine kinase (Abl). (Class of assay: confirmatory) ";"F";"BAO_0000019";"assay format";"None";"None";"None";"None";"None";"";"";"";"CHEMBL3885630";"Ras and Rab interactor 1/Tyrosine-protein kinase ABL1";"Homo sapiens";"PROTEIN-PROTEIN INTERACTION";"CHEMBL1201862";"7";"PubChem BioAssays";"";"";"None";"";"";"";"73.46"
"CHEMBL1894967";"";"None";"554.65";"1";"3.83";"SID89855204";"O=C(Cc1ccc(NC(=O)C2CCN(C(=O)c3ccccc3)CC2)cc1)Nc1ccc(C(=O)N2CCOCC2)cc1";"IC50";"'='";"6483.0";"nM";"5.19";"";"active";"UO_0000065";"";"";"";"";"0";"CHEMBL1963907";"PUBCHEM_BIOASSAY: TRFRET-based biochemical high throughput dose response assay for inhibitors of the interaction of the Ras and Rab interactor 1 protein (Rin1) and the c-abl oncogene 1, non-receptor tyrosine kinase (Abl). (Class of assay: confirmatory) ";"F";"BAO_0000019";"assay format";"None";"None";"None";"None";"None";"";"";"";"CHEMBL3885630";"Ras and Rab interactor 1/Tyrosine-protein kinase ABL1";"Homo sapiens";"PROTEIN-PROTEIN INTERACTION";"CHEMBL1201862";"7";"PubChem BioAssays";"";"";"None";"";"";"";"6.483"
"CHEMBL1980259";"";"None";"458.52";"0";"3.80";"SID22404498";"COc1ccc(/C=N/NC(=O)Cn2c(Cc3ccc(OC)c(OC)c3)nc3ccccc32)cc1";"IC50";"'>'";"73445.0";"nM";"";"";"inactive";"UO_0000065";"";"";"";"";"0";"CHEMBL1963907";"PUBCHEM_BIOASSAY: TRFRET-based biochemical high throughput dose response assay for inhibitors of the interaction of the Ras and Rab interactor 1 protein (Rin1) and the c-abl oncogene 1, non-receptor tyrosine kinase (Abl). (Class of assay: confirmatory) ";"F";"BAO_0000019";"assay format";"None";"None";"None";"None";"None";"";"";"";"CHEMBL3885630";"Ras and Rab interactor 1/Tyrosine-protein kinase ABL1";"Homo sapiens";"PROTEIN-PROTEIN INTERACTION";"CHEMBL1201862";"7";"PubChem BioAssays";"";"";"None";"";"";"";"73.445"
"CHEMBL235504";"";"None";"210.19";"0";"1.52";"SID121283339";"O=C1C(=O)c2cccnc2-c2ncccc21";"IC50";"'='";"6594.0";"nM";"5.18";"";"active";"UO_0000065";"";"";"";"";"0";"CHEMBL1963907";"PUBCHEM_BIOASSAY: TRFRET-based biochemical high throughput dose response assay for inhibitors of the interaction of the Ras and Rab interactor 1 protein (Rin1) and the c-abl oncogene 1, non-receptor tyrosine kinase (Abl). (Class of assay: confirmatory) ";"F";"BAO_0000019";"assay format";"None";"None";"None";"None";"None";"";"";"";"CHEMBL3885630";"Ras and Rab interactor 1/Tyrosine-protein kinase ABL1";"Homo sapiens";"PROTEIN-PROTEIN INTERACTION";"CHEMBL1201862";"7";"PubChem BioAssays";"";"";"None";"";"";"";"6.594"
"CHEMBL1498845";"";"None";"381.86";"0";"2.07";"SID24814432";"CCOC(=O)CCCCC(=O)c1[nH]c(O)nc1C[n+]1ccc(C)cc1.[Cl-]";"IC50";"'='";"5767.0";"nM";"5.24";"";"active";"UO_0000065";"";"";"";"";"0";"CHEMBL1963907";"PUBCHEM_BIOASSAY: TRFRET-based biochemical high throughput dose response assay for inhibitors of the interaction of the Ras and Rab interactor 1 protein (Rin1) and the c-abl oncogene 1, non-receptor tyrosine kinase (Abl). (Class of assay: confirmatory) ";"F";"BAO_0000019";"assay format";"None";"None";"None";"None";"None";"";"";"";"CHEMBL3885630";"Ras and Rab interactor 1/Tyrosine-protein kinase ABL1";"Homo sapiens";"PROTEIN-PROTEIN INTERACTION";"CHEMBL1201862";"7";"PubChem BioAssays";"";"";"None";"";"";"";"5.767"
"CHEMBL1494979";"";"None";"278.27";"0";"0.68";"SID14735982";"O=C(NN=c1c(=O)c2ccccc2c1=O)c1ccccc1";"IC50";"'>'";"73499.0";"nM";"";"";"inactive";"UO_0000065";"";"";"";"";"0";"CHEMBL1963907";"PUBCHEM_BIOASSAY: TRFRET-based biochemical high throughput dose response assay for inhibitors of the interaction of the Ras and Rab interactor 1 protein (Rin1) and the c-abl oncogene 1, non-receptor tyrosine kinase (Abl). (Class of assay: confirmatory) ";"F";"BAO_0000019";"assay format";"None";"None";"None";"None";"None";"";"";"";"CHEMBL3885630";"Ras and Rab interactor 1/Tyrosine-protein kinase ABL1";"Homo sapiens";"PROTEIN-PROTEIN INTERACTION";"CHEMBL1201862";"7";"PubChem BioAssays";"";"";"None";"";"";"";"73.499"
"CHEMBL1562566";"";"None";"432.56";"0";"3.70";"SID24806791";"CC(=O)OC1CC2(C)C(C(C)=O)CCC2C2CCC3CC4(CC(=O)C3(C)C12)OCCO4";"IC50";"'='";"15953.0";"nM";"4.80";"";"inactive";"UO_0000065";"";"";"";"";"0";"CHEMBL1963907";"PUBCHEM_BIOASSAY: TRFRET-based biochemical high throughput dose response assay for inhibitors of the interaction of the Ras and Rab interactor 1 protein (Rin1) and the c-abl oncogene 1, non-receptor tyrosine kinase (Abl). (Class of assay: confirmatory) ";"F";"BAO_0000019";"assay format";"None";"None";"None";"None";"None";"";"";"";"CHEMBL3885630";"Ras and Rab interactor 1/Tyrosine-protein kinase ABL1";"Homo sapiens";"PROTEIN-PROTEIN INTERACTION";"CHEMBL1201862";"7";"PubChem BioAssays";"";"";"None";"";"";"";"15.953"
"CHEMBL1309220";"";"None";"499.60";"0";"4.08";"SID22405972";"Cc1ccc(-n2c(SCC(=O)N3Cc4ccccc4CC3C(=O)O)nnc2-c2cccnc2)c(C)c1";"IC50";"'='";"24879.0";"nM";"4.60";"";"inactive";"UO_0000065";"";"";"";"";"0";"CHEMBL1963907";"PUBCHEM_BIOASSAY: TRFRET-based biochemical high throughput dose response assay for inhibitors of the interaction of the Ras and Rab interactor 1 protein (Rin1) and the c-abl oncogene 1, non-receptor tyrosine kinase (Abl). (Class of assay: confirmatory) ";"F";"BAO_0000019";"assay format";"None";"None";"None";"None";"None";"";"";"";"CHEMBL3885630";"Ras and Rab interactor 1/Tyrosine-protein kinase ABL1";"Homo sapiens";"PROTEIN-PROTEIN INTERACTION";"CHEMBL1201862";"7";"PubChem BioAssays";"";"";"None";"";"";"";"24.879"
"CHEMBL1886710";"";"None";"214.27";"0";"1.69";"SID89854799";"Nc1cc[n+]([O-])cc1CCc1ccccc1";"IC50";"'='";"23257.0";"nM";"4.63";"";"inactive";"UO_0000065";"";"";"";"";"0";"CHEMBL1963907";"PUBCHEM_BIOASSAY: TRFRET-based biochemical high throughput dose response assay for inhibitors of the interaction of the Ras and Rab interactor 1 protein (Rin1) and the c-abl oncogene 1, non-receptor tyrosine kinase (Abl). (Class of assay: confirmatory) ";"F";"BAO_0000019";"assay format";"None";"None";"None";"None";"None";"";"";"";"CHEMBL3885630";"Ras and Rab interactor 1/Tyrosine-protein kinase ABL1";"Homo sapiens";"PROTEIN-PROTEIN INTERACTION";"CHEMBL1201862";"7";"PubChem BioAssays";"";"";"None";"";"";"";"23.257"
"CHEMBL1970061";"";"None";"696.89";"2";"6.10";"SID99359157";"CCOC(=O)CCCCCC(=O)Nc1ccc2c(c1)C(=O)N([C@@H](C)CO)C[C@@H](C)[C@H](CN(C)C(=O)Nc1ccccc1)OCCCC[C@H](C)O2";"IC50";"'='";"17313.0";"nM";"4.76";"";"inactive";"UO_0000065";"";"";"";"";"0";"CHEMBL1963907";"PUBCHEM_BIOASSAY: TRFRET-based biochemical high throughput dose response assay for inhibitors of the interaction of the Ras and Rab interactor 1 protein (Rin1) and the c-abl oncogene 1, non-receptor tyrosine kinase (Abl). (Class of assay: confirmatory) ";"F";"BAO_0000019";"assay format";"None";"None";"None";"None";"None";"";"";"";"CHEMBL3885630";"Ras and Rab interactor 1/Tyrosine-protein kinase ABL1";"Homo sapiens";"PROTEIN-PROTEIN INTERACTION";"CHEMBL1201862";"7";"PubChem BioAssays";"";"";"None";"";"";"";"17.313"
"CHEMBL1504308";"";"None";"321.40";"0";"3.09";"SID24808651";"Cc1c(F)cccc1NC(=O)CCCCCC1NC(=O)NC1C";"IC50";"'='";"14.27";"nM";"7.85";"";"active";"UO_0000065";"";"";"";"";"0";"CHEMBL1963907";"PUBCHEM_BIOASSAY: TRFRET-based biochemical high throughput dose response assay for inhibitors of the interaction of the Ras and Rab interactor 1 protein (Rin1) and the c-abl oncogene 1, non-receptor tyrosine kinase (Abl). (Class of assay: confirmatory) ";"F";"BAO_0000019";"assay format";"None";"None";"None";"None";"None";"";"";"";"CHEMBL3885630";"Ras and Rab interactor 1/Tyrosine-protein kinase ABL1";"Homo sapiens";"PROTEIN-PROTEIN INTERACTION";"CHEMBL1201862";"7";"PubChem BioAssays";"";"";"None";"";"";"";"0.01427"
"CHEMBL1495651";"";"None";"336.14";"0";"3.11";"SID4259329";"O=C(Nc1ccc(O)cc1C(=O)O)c1cccc(Br)c1";"IC50";"'='";"19135.0";"nM";"4.72";"";"inactive";"UO_0000065";"";"";"";"";"0";"CHEMBL1963907";"PUBCHEM_BIOASSAY: TRFRET-based biochemical high throughput dose response assay for inhibitors of the interaction of the Ras and Rab interactor 1 protein (Rin1) and the c-abl oncogene 1, non-receptor tyrosine kinase (Abl). (Class of assay: confirmatory) ";"F";"BAO_0000019";"assay format";"None";"None";"None";"None";"None";"";"";"";"CHEMBL3885630";"Ras and Rab interactor 1/Tyrosine-protein kinase ABL1";"Homo sapiens";"PROTEIN-PROTEIN INTERACTION";"CHEMBL1201862";"7";"PubChem BioAssays";"";"";"None";"";"";"";"19.135"
"CHEMBL1709717";"";"None";"478.52";"0";"2.29";"SID85268334";"COc1cc(C(=O)OCC(=O)Nc2ccc(S(=O)(=O)N3CCCC3)cc2)cc(OC)c1OC";"IC50";"'='";"12419.0";"nM";"4.91";"";"inactive";"UO_0000065";"";"";"";"";"0";"CHEMBL1963907";"PUBCHEM_BIOASSAY: TRFRET-based biochemical high throughput dose response assay for inhibitors of the interaction of the Ras and Rab interactor 1 protein (Rin1) and the c-abl oncogene 1, non-receptor tyrosine kinase (Abl). (Class of assay: confirmatory) ";"F";"BAO_0000019";"assay format";"None";"None";"None";"None";"None";"";"";"";"CHEMBL3885630";"Ras and Rab interactor 1/Tyrosine-protein kinase ABL1";"Homo sapiens";"PROTEIN-PROTEIN INTERACTION";"CHEMBL1201862";"7";"PubChem BioAssays";"";"";"None";"";"";"";"12.419"
"CHEMBL1569081";"";"None";"475.55";"0";"4.30";"SID49724054";"CCOc1ccc(CCNC(=O)CN2C(=O)c3cccnc3Oc3ccc(C)cc32)cc1OCC";"IC50";"'='";"9817.0";"nM";"5.01";"";"active";"UO_0000065";"";"";"";"";"0";"CHEMBL1963907";"PUBCHEM_BIOASSAY: TRFRET-based biochemical high throughput dose response assay for inhibitors of the interaction of the Ras and Rab interactor 1 protein (Rin1) and the c-abl oncogene 1, non-receptor tyrosine kinase (Abl). (Class of assay: confirmatory) ";"F";"BAO_0000019";"assay format";"None";"None";"None";"None";"None";"";"";"";"CHEMBL3885630";"Ras and Rab interactor 1/Tyrosine-protein kinase ABL1";"Homo sapiens";"PROTEIN-PROTEIN INTERACTION";"CHEMBL1201862";"7";"PubChem BioAssays";"";"";"None";"";"";"";"9.817"
"CHEMBL1607186";"";"None";"370.41";"0";"2.82";"SID4265581";"CCOC(=O)CCCCC(=O)c1[nH]c(O)nc1Cn1cnc2ccccc21";"IC50";"'='";"1857.0";"nM";"5.73";"";"active";"UO_0000065";"";"";"";"";"0";"CHEMBL1963907";"PUBCHEM_BIOASSAY: TRFRET-based biochemical high throughput dose response assay for inhibitors of the interaction of the Ras and Rab interactor 1 protein (Rin1) and the c-abl oncogene 1, non-receptor tyrosine kinase (Abl). (Class of assay: confirmatory) ";"F";"BAO_0000019";"assay format";"None";"None";"None";"None";"None";"";"";"";"CHEMBL3885630";"Ras and Rab interactor 1/Tyrosine-protein kinase ABL1";"Homo sapiens";"PROTEIN-PROTEIN INTERACTION";"CHEMBL1201862";"7";"PubChem BioAssays";"";"";"None";"";"";"";"1.857"
"CHEMBL600309";"";"None";"320.35";"0";"1.25";"SID4244029";"CCOC(=O)CCCCC(=O)c1[nH]c(=O)[nH]c1Cn1ccnc1";"IC50";"'='";"12844.0";"nM";"4.89";"";"inactive";"UO_0000065";"";"";"";"";"0";"CHEMBL1963907";"PUBCHEM_BIOASSAY: TRFRET-based biochemical high throughput dose response assay for inhibitors of the interaction of the Ras and Rab interactor 1 protein (Rin1) and the c-abl oncogene 1, non-receptor tyrosine kinase (Abl). (Class of assay: confirmatory) ";"F";"BAO_0000019";"assay format";"None";"None";"None";"None";"None";"";"";"";"CHEMBL3885630";"Ras and Rab interactor 1/Tyrosine-protein kinase ABL1";"Homo sapiens";"PROTEIN-PROTEIN INTERACTION";"CHEMBL1201862";"7";"PubChem BioAssays";"";"";"None";"";"";"";"12.844"
"CHEMBL1343632";"";"None";"288.37";"0";"2.77";"SID17411401";"COCCNC(=O)c1cc2c3ccccc3n(C)c2s1";"IC50";"'='";"14553.0";"nM";"4.84";"";"inactive";"UO_0000065";"";"";"";"";"0";"CHEMBL1963907";"PUBCHEM_BIOASSAY: TRFRET-based biochemical high throughput dose response assay for inhibitors of the interaction of the Ras and Rab interactor 1 protein (Rin1) and the c-abl oncogene 1, non-receptor tyrosine kinase (Abl). (Class of assay: confirmatory) ";"F";"BAO_0000019";"assay format";"None";"None";"None";"None";"None";"";"";"";"CHEMBL3885630";"Ras and Rab interactor 1/Tyrosine-protein kinase ABL1";"Homo sapiens";"PROTEIN-PROTEIN INTERACTION";"CHEMBL1201862";"7";"PubChem BioAssays";"";"";"None";"";"";"";"14.553"
"CHEMBL1377042";"";"None";"228.21";"0";"-1.46";"SID852059";"CCOC(=O)CN1C(=O)NC2NC(=O)NC21";"IC50";"'='";"23760.0";"nM";"4.62";"";"inactive";"UO_0000065";"";"";"";"";"0";"CHEMBL1963907";"PUBCHEM_BIOASSAY: TRFRET-based biochemical high throughput dose response assay for inhibitors of the interaction of the Ras and Rab interactor 1 protein (Rin1) and the c-abl oncogene 1, non-receptor tyrosine kinase (Abl). (Class of assay: confirmatory) ";"F";"BAO_0000019";"assay format";"None";"None";"None";"None";"None";"";"";"";"CHEMBL3885630";"Ras and Rab interactor 1/Tyrosine-protein kinase ABL1";"Homo sapiens";"PROTEIN-PROTEIN INTERACTION";"CHEMBL1201862";"7";"PubChem BioAssays";"";"";"None";"";"";"";"23.76"
"CHEMBL1304402";"";"None";"368.87";"0";"3.33";"SID24835364";"CN1CCN(C(c2ccccn2)c2cc(Cl)c3cccnc3c2O)CC1";"IC50";"'>'";"73460.0";"nM";"";"";"inactive";"UO_0000065";"";"";"";"";"0";"CHEMBL1963907";"PUBCHEM_BIOASSAY: TRFRET-based biochemical high throughput dose response assay for inhibitors of the interaction of the Ras and Rab interactor 1 protein (Rin1) and the c-abl oncogene 1, non-receptor tyrosine kinase (Abl). (Class of assay: confirmatory) ";"F";"BAO_0000019";"assay format";"None";"None";"None";"None";"None";"";"";"";"CHEMBL3885630";"Ras and Rab interactor 1/Tyrosine-protein kinase ABL1";"Homo sapiens";"PROTEIN-PROTEIN INTERACTION";"CHEMBL1201862";"7";"PubChem BioAssays";"";"";"None";"";"";"";"73.46"
"CHEMBL1369913";"";"None";"339.39";"0";"1.25";"SID4257838";"CCOC(=O)CCCCC(=O)c1[nH]c(O)nc1CN1CCOCC1";"IC50";"'='";"548.02";"nM";"6.26";"";"active";"UO_0000065";"";"";"";"";"0";"CHEMBL1963907";"PUBCHEM_BIOASSAY: TRFRET-based biochemical high throughput dose response assay for inhibitors of the interaction of the Ras and Rab interactor 1 protein (Rin1) and the c-abl oncogene 1, non-receptor tyrosine kinase (Abl). (Class of assay: confirmatory) ";"F";"BAO_0000019";"assay format";"None";"None";"None";"None";"None";"";"";"";"CHEMBL3885630";"Ras and Rab interactor 1/Tyrosine-protein kinase ABL1";"Homo sapiens";"PROTEIN-PROTEIN INTERACTION";"CHEMBL1201862";"7";"PubChem BioAssays";"";"";"None";"";"";"";"0.54802"
"CHEMBL1487433";"";"None";"441.92";"0";"3.17";"SID14738591";"COc1cc2c(C(=O)N3CCN(c4cccc(Cl)c4)CC3)cn(C)c(=O)c2cc1OC";"IC50";"'='";"20526.0";"nM";"4.69";"";"inactive";"UO_0000065";"";"";"";"";"0";"CHEMBL1963907";"PUBCHEM_BIOASSAY: TRFRET-based biochemical high throughput dose response assay for inhibitors of the interaction of the Ras and Rab interactor 1 protein (Rin1) and the c-abl oncogene 1, non-receptor tyrosine kinase (Abl). (Class of assay: confirmatory) ";"F";"BAO_0000019";"assay format";"None";"None";"None";"None";"None";"";"";"";"CHEMBL3885630";"Ras and Rab interactor 1/Tyrosine-protein kinase ABL1";"Homo sapiens";"PROTEIN-PROTEIN INTERACTION";"CHEMBL1201862";"7";"PubChem BioAssays";"";"";"None";"";"";"";"20.526"
"CHEMBL1417216";"";"None";"402.48";"0";"3.59";"SID4245111";"CCOC(=O)CCCCC(=O)c1[nH]c(O)nc1CSc1nc2ccccc2[nH]1";"IC50";"'='";"96.68";"nM";"7.01";"";"active";"UO_0000065";"";"";"";"";"0";"CHEMBL1963907";"PUBCHEM_BIOASSAY: TRFRET-based biochemical high throughput dose response assay for inhibitors of the interaction of the Ras and Rab interactor 1 protein (Rin1) and the c-abl oncogene 1, non-receptor tyrosine kinase (Abl). (Class of assay: confirmatory) ";"F";"BAO_0000019";"assay format";"None";"None";"None";"None";"None";"";"";"";"CHEMBL3885630";"Ras and Rab interactor 1/Tyrosine-protein kinase ABL1";"Homo sapiens";"PROTEIN-PROTEIN INTERACTION";"CHEMBL1201862";"7";"PubChem BioAssays";"";"";"None";"";"";"";"0.09668"
"CHEMBL857";"BIOTIN";"4.0";"244.32";"0";"0.80";"SID49674668";"O=C(O)CCCC[C@@H]1SC[C@@H]2NC(=O)N[C@@H]21";"IC50";"'>'";"3.73";"nM";"";"";"active";"UO_0000065";"";"";"";"";"0";"CHEMBL1963907";"PUBCHEM_BIOASSAY: TRFRET-based biochemical high throughput dose response assay for inhibitors of the interaction of the Ras and Rab interactor 1 protein (Rin1) and the c-abl oncogene 1, non-receptor tyrosine kinase (Abl). (Class of assay: confirmatory) ";"F";"BAO_0000019";"assay format";"None";"None";"None";"None";"None";"";"";"";"CHEMBL3885630";"Ras and Rab interactor 1/Tyrosine-protein kinase ABL1";"Homo sapiens";"PROTEIN-PROTEIN INTERACTION";"CHEMBL1201862";"7";"PubChem BioAssays";"";"";"None";"";"";"";"0.00373"
"CHEMBL1356021";"";"None";"538.65";"1";"4.59";"SID85146889";"CN(C(=O)c1ccc(NC(=O)Cc2ccc(NC(=O)C3CCN(C(=O)c4ccccc4)CC3)cc2)cc1)C1CC1";"IC50";"'='";"406.94";"nM";"6.39";"";"active";"UO_0000065";"";"";"";"";"0";"CHEMBL1963907";"PUBCHEM_BIOASSAY: TRFRET-based biochemical high throughput dose response assay for inhibitors of the interaction of the Ras and Rab interactor 1 protein (Rin1) and the c-abl oncogene 1, non-receptor tyrosine kinase (Abl). (Class of assay: confirmatory) ";"F";"BAO_0000019";"assay format";"None";"None";"None";"None";"None";"";"";"";"CHEMBL3885630";"Ras and Rab interactor 1/Tyrosine-protein kinase ABL1";"Homo sapiens";"PROTEIN-PROTEIN INTERACTION";"CHEMBL1201862";"7";"PubChem BioAssays";"";"";"None";"";"";"";"0.40694"
"CHEMBL1699883";"";"None";"502.62";"1";"3.69";"SID85146860";"CN(C(=O)c1ccc(NC(=O)Cc2ccc(NC(=O)C3CCN(C(=O)C4CC4)CC3)cc2)cc1)C1CC1";"IC50";"'='";"9393.0";"nM";"5.03";"";"active";"UO_0000065";"";"";"";"";"0";"CHEMBL1963907";"PUBCHEM_BIOASSAY: TRFRET-based biochemical high throughput dose response assay for inhibitors of the interaction of the Ras and Rab interactor 1 protein (Rin1) and the c-abl oncogene 1, non-receptor tyrosine kinase (Abl). (Class of assay: confirmatory) ";"F";"BAO_0000019";"assay format";"None";"None";"None";"None";"None";"";"";"";"CHEMBL3885630";"Ras and Rab interactor 1/Tyrosine-protein kinase ABL1";"Homo sapiens";"PROTEIN-PROTEIN INTERACTION";"CHEMBL1201862";"7";"PubChem BioAssays";"";"";"None";"";"";"";"9.393"
"CHEMBL1600581";"";"None";"317.33";"0";"2.80";"SID7967670";"COC(=O)c1ccc(CSc2nnc(-c3ccncc3)o2)o1";"IC50";"'='";"10981.0";"nM";"4.96";"";"inactive";"UO_0000065";"";"";"";"";"0";"CHEMBL1963907";"PUBCHEM_BIOASSAY: TRFRET-based biochemical high throughput dose response assay for inhibitors of the interaction of the Ras and Rab interactor 1 protein (Rin1) and the c-abl oncogene 1, non-receptor tyrosine kinase (Abl). (Class of assay: confirmatory) ";"F";"BAO_0000019";"assay format";"None";"None";"None";"None";"None";"";"";"";"CHEMBL3885630";"Ras and Rab interactor 1/Tyrosine-protein kinase ABL1";"Homo sapiens";"PROTEIN-PROTEIN INTERACTION";"CHEMBL1201862";"7";"PubChem BioAssays";"";"";"None";"";"";"";"10.981"
"CHEMBL602772";"";"None";"294.27";"0";"1.96";"SID49665508";"Oc1ncnc2c1C(c1ccccc1)c1c(O)ncnc1O2";"IC50";"'='";"31959.0";"nM";"4.50";"";"inactive";"UO_0000065";"";"";"";"";"0";"CHEMBL1963907";"PUBCHEM_BIOASSAY: TRFRET-based biochemical high throughput dose response assay for inhibitors of the interaction of the Ras and Rab interactor 1 protein (Rin1) and the c-abl oncogene 1, non-receptor tyrosine kinase (Abl). (Class of assay: confirmatory) ";"F";"BAO_0000019";"assay format";"None";"None";"None";"None";"None";"";"";"";"CHEMBL3885630";"Ras and Rab interactor 1/Tyrosine-protein kinase ABL1";"Homo sapiens";"PROTEIN-PROTEIN INTERACTION";"CHEMBL1201862";"7";"PubChem BioAssays";"";"";"None";"";"";"";"31.959"
"CHEMBL1377099";"";"None";"430.58";"0";"4.19";"SID17386726";"COc1cccc(CSc2nnc(CSc3nc4nc(C)cc(C)n4n3)s2)c1";"IC50";"'='";"7802.0";"nM";"5.11";"";"active";"UO_0000065";"";"";"";"";"0";"CHEMBL1963907";"PUBCHEM_BIOASSAY: TRFRET-based biochemical high throughput dose response assay for inhibitors of the interaction of the Ras and Rab interactor 1 protein (Rin1) and the c-abl oncogene 1, non-receptor tyrosine kinase (Abl). (Class of assay: confirmatory) ";"F";"BAO_0000019";"assay format";"None";"None";"None";"None";"None";"";"";"";"CHEMBL3885630";"Ras and Rab interactor 1/Tyrosine-protein kinase ABL1";"Homo sapiens";"PROTEIN-PROTEIN INTERACTION";"CHEMBL1201862";"7";"PubChem BioAssays";"";"";"None";"";"";"";"7.802"
"CHEMBL469424";"ASTERRIC ACID";"None";"348.31";"0";"2.69";"SID26725096";"COC(=O)c1cc(O)cc(OC)c1Oc1cc(C)cc(O)c1C(=O)O";"IC50";"'='";"20687.0";"nM";"4.68";"";"inactive";"UO_0000065";"";"";"";"";"0";"CHEMBL1963907";"PUBCHEM_BIOASSAY: TRFRET-based biochemical high throughput dose response assay for inhibitors of the interaction of the Ras and Rab interactor 1 protein (Rin1) and the c-abl oncogene 1, non-receptor tyrosine kinase (Abl). (Class of assay: confirmatory) ";"F";"BAO_0000019";"assay format";"None";"None";"None";"None";"None";"";"";"";"CHEMBL3885630";"Ras and Rab interactor 1/Tyrosine-protein kinase ABL1";"Homo sapiens";"PROTEIN-PROTEIN INTERACTION";"CHEMBL1201862";"7";"PubChem BioAssays";"";"";"None";"";"";"";"20.687"
"CHEMBL1564695";"";"None";"348.23";"0";"4.55";"SID17512592";"O=C1N(c2cccc(Cl)c2)C(c2ccc(Cl)cc2)N2CCCN12";"IC50";"'='";"31813.0";"nM";"4.50";"";"inactive";"UO_0000065";"";"";"";"";"0";"CHEMBL1963907";"PUBCHEM_BIOASSAY: TRFRET-based biochemical high throughput dose response assay for inhibitors of the interaction of the Ras and Rab interactor 1 protein (Rin1) and the c-abl oncogene 1, non-receptor tyrosine kinase (Abl). (Class of assay: confirmatory) ";"F";"BAO_0000019";"assay format";"None";"None";"None";"None";"None";"";"";"";"CHEMBL3885630";"Ras and Rab interactor 1/Tyrosine-protein kinase ABL1";"Homo sapiens";"PROTEIN-PROTEIN INTERACTION";"CHEMBL1201862";"7";"PubChem BioAssays";"";"";"None";"";"";"";"31.813"
"CHEMBL1557533";"";"None";"545.62";"1";"3.63";"SID49725396";"CCOc1ccccc1N(C(=O)c1snc(C(N)=O)c1N)C(C(=O)NCc1ccccc1)c1ccc(O)cc1";"IC50";"'>'";"73457.0";"nM";"";"";"inactive";"UO_0000065";"";"";"";"";"0";"CHEMBL1963907";"PUBCHEM_BIOASSAY: TRFRET-based biochemical high throughput dose response assay for inhibitors of the interaction of the Ras and Rab interactor 1 protein (Rin1) and the c-abl oncogene 1, non-receptor tyrosine kinase (Abl). (Class of assay: confirmatory) ";"F";"BAO_0000019";"assay format";"None";"None";"None";"None";"None";"";"";"";"CHEMBL3885630";"Ras and Rab interactor 1/Tyrosine-protein kinase ABL1";"Homo sapiens";"PROTEIN-PROTEIN INTERACTION";"CHEMBL1201862";"7";"PubChem BioAssays";"";"";"None";"";"";"";"73.457"
"CHEMBL1507539";"";"None";"316.36";"0";"1.77";"SID848666";"O=c1[nH]n(CC2COC3(CCCCC3)O2)c(=O)c2ccccc12";"IC50";"'='";"12472.0";"nM";"4.90";"";"inactive";"UO_0000065";"";"";"";"";"0";"CHEMBL1963907";"PUBCHEM_BIOASSAY: TRFRET-based biochemical high throughput dose response assay for inhibitors of the interaction of the Ras and Rab interactor 1 protein (Rin1) and the c-abl oncogene 1, non-receptor tyrosine kinase (Abl). (Class of assay: confirmatory) ";"F";"BAO_0000019";"assay format";"None";"None";"None";"None";"None";"";"";"";"CHEMBL3885630";"Ras and Rab interactor 1/Tyrosine-protein kinase ABL1";"Homo sapiens";"PROTEIN-PROTEIN INTERACTION";"CHEMBL1201862";"7";"PubChem BioAssays";"";"";"None";"";"";"";"12.472"
"CHEMBL1367433";"";"None";"459.53";"0";"0.80";"SID7969997";"COc1ccc(CCNC(=O)CSc2nc(C)nc3c2c(=O)n(C)c(=O)n3C)cc1OC";"IC50";"'='";"13943.0";"nM";"4.86";"";"inactive";"UO_0000065";"";"";"";"";"0";"CHEMBL1963907";"PUBCHEM_BIOASSAY: TRFRET-based biochemical high throughput dose response assay for inhibitors of the interaction of the Ras and Rab interactor 1 protein (Rin1) and the c-abl oncogene 1, non-receptor tyrosine kinase (Abl). (Class of assay: confirmatory) ";"F";"BAO_0000019";"assay format";"None";"None";"None";"None";"None";"";"";"";"CHEMBL3885630";"Ras and Rab interactor 1/Tyrosine-protein kinase ABL1";"Homo sapiens";"PROTEIN-PROTEIN INTERACTION";"CHEMBL1201862";"7";"PubChem BioAssays";"";"";"None";"";"";"";"13.943"
"CHEMBL1904492";"";"None";"475.59";"0";"2.36";"SID49735704";"COc1ccc(CCNC(=O)c2ccc(NC3=NC4CS(=O)(=O)CC4S3)cc2)cc1OC";"IC50";"'='";"26265.0";"nM";"4.58";"";"inactive";"UO_0000065";"";"";"";"";"0";"CHEMBL1963907";"PUBCHEM_BIOASSAY: TRFRET-based biochemical high throughput dose response assay for inhibitors of the interaction of the Ras and Rab interactor 1 protein (Rin1) and the c-abl oncogene 1, non-receptor tyrosine kinase (Abl). (Class of assay: confirmatory) ";"F";"BAO_0000019";"assay format";"None";"None";"None";"None";"None";"";"";"";"CHEMBL3885630";"Ras and Rab interactor 1/Tyrosine-protein kinase ABL1";"Homo sapiens";"PROTEIN-PROTEIN INTERACTION";"CHEMBL1201862";"7";"PubChem BioAssays";"";"";"None";"";"";"";"26.265"
"CHEMBL1560085";"";"None";"324.30";"0";"1.97";"SID49666913";"COc1ccc(C2c3c(O)ncnc3Oc3ncnc(O)c32)cc1";"IC50";"'='";"2867.0";"nM";"5.54";"";"active";"UO_0000065";"";"";"";"";"0";"CHEMBL1963907";"PUBCHEM_BIOASSAY: TRFRET-based biochemical high throughput dose response assay for inhibitors of the interaction of the Ras and Rab interactor 1 protein (Rin1) and the c-abl oncogene 1, non-receptor tyrosine kinase (Abl). (Class of assay: confirmatory) ";"F";"BAO_0000019";"assay format";"None";"None";"None";"None";"None";"";"";"";"CHEMBL3885630";"Ras and Rab interactor 1/Tyrosine-protein kinase ABL1";"Homo sapiens";"PROTEIN-PROTEIN INTERACTION";"CHEMBL1201862";"7";"PubChem BioAssays";"";"";"None";"";"";"";"2.867"
"CHEMBL1311154";"";"None";"307.37";"0";"2.78";"SID24781613";"CC1NC(=O)NC1CCCCCC(=O)Nc1ccc(F)cc1";"IC50";"'='";"18.69";"nM";"7.73";"";"active";"UO_0000065";"";"";"";"";"0";"CHEMBL1963907";"PUBCHEM_BIOASSAY: TRFRET-based biochemical high throughput dose response assay for inhibitors of the interaction of the Ras and Rab interactor 1 protein (Rin1) and the c-abl oncogene 1, non-receptor tyrosine kinase (Abl). (Class of assay: confirmatory) ";"F";"BAO_0000019";"assay format";"None";"None";"None";"None";"None";"";"";"";"CHEMBL3885630";"Ras and Rab interactor 1/Tyrosine-protein kinase ABL1";"Homo sapiens";"PROTEIN-PROTEIN INTERACTION";"CHEMBL1201862";"7";"PubChem BioAssays";"";"";"None";"";"";"";"0.01869"
"CHEMBL1565528";"";"None";"481.53";"0";"3.75";"SID26668470";"CCOC(=O)CCCCC(=O)c1[nH]c(O)nc1CSc1nc(O)c(C#N)c(-c2ccccc2)n1";"IC50";"'='";"1451.0";"nM";"5.84";"";"active";"UO_0000065";"";"";"";"";"0";"CHEMBL1963907";"PUBCHEM_BIOASSAY: TRFRET-based biochemical high throughput dose response assay for inhibitors of the interaction of the Ras and Rab interactor 1 protein (Rin1) and the c-abl oncogene 1, non-receptor tyrosine kinase (Abl). (Class of assay: confirmatory) ";"F";"BAO_0000019";"assay format";"None";"None";"None";"None";"None";"";"";"";"CHEMBL3885630";"Ras and Rab interactor 1/Tyrosine-protein kinase ABL1";"Homo sapiens";"PROTEIN-PROTEIN INTERACTION";"CHEMBL1201862";"7";"PubChem BioAssays";"";"";"None";"";"";"";"1.451"
"CHEMBL857";"BIOTIN";"4.0";"244.32";"0";"0.80";"SID14746360";"O=C(O)CCCC[C@@H]1SC[C@@H]2NC(=O)N[C@@H]21";"IC50";"'='";"528.66";"nM";"6.28";"";"active";"UO_0000065";"";"";"";"";"0";"CHEMBL1963907";"PUBCHEM_BIOASSAY: TRFRET-based biochemical high throughput dose response assay for inhibitors of the interaction of the Ras and Rab interactor 1 protein (Rin1) and the c-abl oncogene 1, non-receptor tyrosine kinase (Abl). (Class of assay: confirmatory) ";"F";"BAO_0000019";"assay format";"None";"None";"None";"None";"None";"";"";"";"CHEMBL3885630";"Ras and Rab interactor 1/Tyrosine-protein kinase ABL1";"Homo sapiens";"PROTEIN-PROTEIN INTERACTION";"CHEMBL1201862";"7";"PubChem BioAssays";"";"";"None";"";"";"";"0.52866"
"CHEMBL1720406";"";"None";"608.78";"2";"5.94";"SID89855073";"CN(CCc1ccccc1)C(=O)c1ccc(NC(=O)Cc2ccc(NC(=O)C3CCN(C(=O)C4CCCCC4)CC3)cc2)cc1";"IC50";"'='";"11177.0";"nM";"4.95";"";"inactive";"UO_0000065";"";"";"";"";"0";"CHEMBL1963907";"PUBCHEM_BIOASSAY: TRFRET-based biochemical high throughput dose response assay for inhibitors of the interaction of the Ras and Rab interactor 1 protein (Rin1) and the c-abl oncogene 1, non-receptor tyrosine kinase (Abl). (Class of assay: confirmatory) ";"F";"BAO_0000019";"assay format";"None";"None";"None";"None";"None";"";"";"";"CHEMBL3885630";"Ras and Rab interactor 1/Tyrosine-protein kinase ABL1";"Homo sapiens";"PROTEIN-PROTEIN INTERACTION";"CHEMBL1201862";"7";"PubChem BioAssays";"";"";"None";"";"";"";"11.177"
"CHEMBL156383";"";"None";"287.31";"0";"1.94";"SID49667102";"Oc1ccc(C[C@H]2NCCc3cc(O)c(O)cc32)cc1O";"IC50";"'='";"2330.0";"nM";"5.63";"";"active";"UO_0000065";"";"";"";"";"0";"CHEMBL1963907";"PUBCHEM_BIOASSAY: TRFRET-based biochemical high throughput dose response assay for inhibitors of the interaction of the Ras and Rab interactor 1 protein (Rin1) and the c-abl oncogene 1, non-receptor tyrosine kinase (Abl). (Class of assay: confirmatory) ";"F";"BAO_0000019";"assay format";"None";"None";"None";"None";"None";"";"";"";"CHEMBL3885630";"Ras and Rab interactor 1/Tyrosine-protein kinase ABL1";"Homo sapiens";"PROTEIN-PROTEIN INTERACTION";"CHEMBL1201862";"7";"PubChem BioAssays";"";"";"None";"";"";"";"2.33"
"CHEMBL1896885";"";"None";"693.91";"1";"4.67";"SID99358977";"C[C@@H]1CCCCO[C@@H](CN(C)S(=O)(=O)c2cccs2)[C@@H](C)CN([C@H](C)CO)C(=O)c2cc(NS(=O)(=O)c3ccccc3)ccc2O1";"IC50";"'='";"1268.0";"nM";"5.90";"";"active";"UO_0000065";"";"";"";"";"0";"CHEMBL1963907";"PUBCHEM_BIOASSAY: TRFRET-based biochemical high throughput dose response assay for inhibitors of the interaction of the Ras and Rab interactor 1 protein (Rin1) and the c-abl oncogene 1, non-receptor tyrosine kinase (Abl). (Class of assay: confirmatory) ";"F";"BAO_0000019";"assay format";"None";"None";"None";"None";"None";"";"";"";"CHEMBL3885630";"Ras and Rab interactor 1/Tyrosine-protein kinase ABL1";"Homo sapiens";"PROTEIN-PROTEIN INTERACTION";"CHEMBL1201862";"7";"PubChem BioAssays";"";"";"None";"";"";"";"1.268"
"CHEMBL1362631";"";"None";"365.22";"0";"3.92";"SID49826639";"COc1ccc(CC(=O)Oc2ccc(C)cc2Br)cc1OC";"IC50";"'='";"6867.0";"nM";"5.16";"";"active";"UO_0000065";"";"";"";"";"0";"CHEMBL1963907";"PUBCHEM_BIOASSAY: TRFRET-based biochemical high throughput dose response assay for inhibitors of the interaction of the Ras and Rab interactor 1 protein (Rin1) and the c-abl oncogene 1, non-receptor tyrosine kinase (Abl). (Class of assay: confirmatory) ";"F";"BAO_0000019";"assay format";"None";"None";"None";"None";"None";"";"";"";"CHEMBL3885630";"Ras and Rab interactor 1/Tyrosine-protein kinase ABL1";"Homo sapiens";"PROTEIN-PROTEIN INTERACTION";"CHEMBL1201862";"7";"PubChem BioAssays";"";"";"None";"";"";"";"6.867"
"CHEMBL1968264";"";"None";"214.23";"0";"1.63";"SID49668154";"Oc1nccc(N/N=C/c2ccccc2)n1";"IC50";"'>'";"73453.0";"nM";"";"";"inactive";"UO_0000065";"";"";"";"";"0";"CHEMBL1963907";"PUBCHEM_BIOASSAY: TRFRET-based biochemical high throughput dose response assay for inhibitors of the interaction of the Ras and Rab interactor 1 protein (Rin1) and the c-abl oncogene 1, non-receptor tyrosine kinase (Abl). (Class of assay: confirmatory) ";"F";"BAO_0000019";"assay format";"None";"None";"None";"None";"None";"";"";"";"CHEMBL3885630";"Ras and Rab interactor 1/Tyrosine-protein kinase ABL1";"Homo sapiens";"PROTEIN-PROTEIN INTERACTION";"CHEMBL1201862";"7";"PubChem BioAssays";"";"";"None";"";"";"";"73.453"
"CHEMBL1969142";"";"None";"470.57";"0";"3.32";"SID99494508";"CC(=O)c1cccc(-c2ccnc3c2CC(C(=O)NCc2ccc(N4CCN(C)CC4)cc2)O3)c1";"IC50";"'='";"29888.0";"nM";"4.53";"";"inactive";"UO_0000065";"";"";"";"";"0";"CHEMBL1963907";"PUBCHEM_BIOASSAY: TRFRET-based biochemical high throughput dose response assay for inhibitors of the interaction of the Ras and Rab interactor 1 protein (Rin1) and the c-abl oncogene 1, non-receptor tyrosine kinase (Abl). (Class of assay: confirmatory) ";"F";"BAO_0000019";"assay format";"None";"None";"None";"None";"None";"";"";"";"CHEMBL3885630";"Ras and Rab interactor 1/Tyrosine-protein kinase ABL1";"Homo sapiens";"PROTEIN-PROTEIN INTERACTION";"CHEMBL1201862";"7";"PubChem BioAssays";"";"";"None";"";"";"";"29.888"
"CHEMBL1704366";"";"None";"460.92";"0";"4.67";"SID56321774";"COc1ccc(Cl)cc1NC(=O)CN(C)C(=O)c1cc(-c2ccncc2)nc2ccccc12";"IC50";"'='";"1863.0";"nM";"5.73";"";"active";"UO_0000065";"";"";"";"";"0";"CHEMBL1963907";"PUBCHEM_BIOASSAY: TRFRET-based biochemical high throughput dose response assay for inhibitors of the interaction of the Ras and Rab interactor 1 protein (Rin1) and the c-abl oncogene 1, non-receptor tyrosine kinase (Abl). (Class of assay: confirmatory) ";"F";"BAO_0000019";"assay format";"None";"None";"None";"None";"None";"";"";"";"CHEMBL3885630";"Ras and Rab interactor 1/Tyrosine-protein kinase ABL1";"Homo sapiens";"PROTEIN-PROTEIN INTERACTION";"CHEMBL1201862";"7";"PubChem BioAssays";"";"";"None";"";"";"";"1.863"
"CHEMBL1892131";"";"None";"538.65";"1";"4.59";"SID89855207";"CN(C(=O)c1ccc(NC(=O)Cc2cccc(NC(=O)C3CCN(C(=O)c4ccccc4)CC3)c2)cc1)C1CC1";"IC50";"'='";"15292.0";"nM";"4.82";"";"inactive";"UO_0000065";"";"";"";"";"0";"CHEMBL1963907";"PUBCHEM_BIOASSAY: TRFRET-based biochemical high throughput dose response assay for inhibitors of the interaction of the Ras and Rab interactor 1 protein (Rin1) and the c-abl oncogene 1, non-receptor tyrosine kinase (Abl). (Class of assay: confirmatory) ";"F";"BAO_0000019";"assay format";"None";"None";"None";"None";"None";"";"";"";"CHEMBL3885630";"Ras and Rab interactor 1/Tyrosine-protein kinase ABL1";"Homo sapiens";"PROTEIN-PROTEIN INTERACTION";"CHEMBL1201862";"7";"PubChem BioAssays";"";"";"None";"";"";"";"15.292"
"CHEMBL1355210";"";"None";"719.76";"2";"5.11";"SID87342640";"CC[C@]12c3[nH]c4ccc(OC)cc4c3CCN1C(=O)C(CC(=O)NCc1cccc(C(F)(F)F)c1)C[C@@H]2C(=O)N1CCN(C(=O)c2ccco2)CC1";"IC50";"'='";"20145.0";"nM";"4.70";"";"inactive";"UO_0000065";"";"";"";"";"0";"CHEMBL1963907";"PUBCHEM_BIOASSAY: TRFRET-based biochemical high throughput dose response assay for inhibitors of the interaction of the Ras and Rab interactor 1 protein (Rin1) and the c-abl oncogene 1, non-receptor tyrosine kinase (Abl). (Class of assay: confirmatory) ";"F";"BAO_0000019";"assay format";"None";"None";"None";"None";"None";"";"";"";"CHEMBL3885630";"Ras and Rab interactor 1/Tyrosine-protein kinase ABL1";"Homo sapiens";"PROTEIN-PROTEIN INTERACTION";"CHEMBL1201862";"7";"PubChem BioAssays";"";"";"None";"";"";"";"20.145"
"CHEMBL1976111";"";"None";"359.45";"0";"3.12";"SID26658534";"COc1cc(/C=N/NC(=O)CSc2ccccn2)ccc1OC(C)C";"IC50";"'='";"19119.0";"nM";"4.72";"";"inactive";"UO_0000065";"";"";"";"";"0";"CHEMBL1963907";"PUBCHEM_BIOASSAY: TRFRET-based biochemical high throughput dose response assay for inhibitors of the interaction of the Ras and Rab interactor 1 protein (Rin1) and the c-abl oncogene 1, non-receptor tyrosine kinase (Abl). (Class of assay: confirmatory) ";"F";"BAO_0000019";"assay format";"None";"None";"None";"None";"None";"";"";"";"CHEMBL3885630";"Ras and Rab interactor 1/Tyrosine-protein kinase ABL1";"Homo sapiens";"PROTEIN-PROTEIN INTERACTION";"CHEMBL1201862";"7";"PubChem BioAssays";"";"";"None";"";"";"";"19.119"
"CHEMBL2000834";"";"None";"701.82";"2";"5.74";"SID99359164";"CCOC(=O)CCCCCC(=O)Nc1ccc2c(c1)C(=O)N([C@H](C)CO)C[C@@H](C)[C@@H](CN(C)C(=O)CCC(F)(F)F)OCCCC[C@H](C)O2";"IC50";"'='";"3590.0";"nM";"5.45";"";"active";"UO_0000065";"";"";"";"";"0";"CHEMBL1963907";"PUBCHEM_BIOASSAY: TRFRET-based biochemical high throughput dose response assay for inhibitors of the interaction of the Ras and Rab interactor 1 protein (Rin1) and the c-abl oncogene 1, non-receptor tyrosine kinase (Abl). (Class of assay: confirmatory) ";"F";"BAO_0000019";"assay format";"None";"None";"None";"None";"None";"";"";"";"CHEMBL3885630";"Ras and Rab interactor 1/Tyrosine-protein kinase ABL1";"Homo sapiens";"PROTEIN-PROTEIN INTERACTION";"CHEMBL1201862";"7";"PubChem BioAssays";"";"";"None";"";"";"";"3.59"
"CHEMBL1725439";"";"None";"466.54";"0";"3.31";"SID57268336";"CCCn1nc(C(=O)N(C)CC(=O)Nc2ccc(OCC)c(OCC)c2)c2ccccc2c1=O";"IC50";"'='";"10527.0";"nM";"4.98";"";"inactive";"UO_0000065";"";"";"";"";"0";"CHEMBL1963907";"PUBCHEM_BIOASSAY: TRFRET-based biochemical high throughput dose response assay for inhibitors of the interaction of the Ras and Rab interactor 1 protein (Rin1) and the c-abl oncogene 1, non-receptor tyrosine kinase (Abl). (Class of assay: confirmatory) ";"F";"BAO_0000019";"assay format";"None";"None";"None";"None";"None";"";"";"";"CHEMBL3885630";"Ras and Rab interactor 1/Tyrosine-protein kinase ABL1";"Homo sapiens";"PROTEIN-PROTEIN INTERACTION";"CHEMBL1201862";"7";"PubChem BioAssays";"";"";"None";"";"";"";"10.527"
"CHEMBL1399443";"";"None";"437.86";"0";"3.09";"SID4251283";"COC(=O)c1ccc(CSc2nnc(CNC(=O)COc3ccc(Cl)cc3)o2)o1";"IC50";"'='";"21353.0";"nM";"4.67";"";"inactive";"UO_0000065";"";"";"";"";"0";"CHEMBL1963907";"PUBCHEM_BIOASSAY: TRFRET-based biochemical high throughput dose response assay for inhibitors of the interaction of the Ras and Rab interactor 1 protein (Rin1) and the c-abl oncogene 1, non-receptor tyrosine kinase (Abl). (Class of assay: confirmatory) ";"F";"BAO_0000019";"assay format";"None";"None";"None";"None";"None";"";"";"";"CHEMBL3885630";"Ras and Rab interactor 1/Tyrosine-protein kinase ABL1";"Homo sapiens";"PROTEIN-PROTEIN INTERACTION";"CHEMBL1201862";"7";"PubChem BioAssays";"";"";"None";"";"";"";"21.353"
"CHEMBL1720945";"";"None";"683.89";"1";"4.61";"SID87342382";"CC[C@]12c3[nH]c4ccc(OC)cc4c3CCN1C(=O)C(CC(=O)NCC13C[C@H]4C[C@@H](C1)C[C@@H](C3)C4)C[C@@H]2C(=O)N1CCN(C(=O)C2CC2)CC1";"IC50";"'='";"12921.0";"nM";"4.89";"";"inactive";"UO_0000065";"";"";"";"";"0";"CHEMBL1963907";"PUBCHEM_BIOASSAY: TRFRET-based biochemical high throughput dose response assay for inhibitors of the interaction of the Ras and Rab interactor 1 protein (Rin1) and the c-abl oncogene 1, non-receptor tyrosine kinase (Abl). (Class of assay: confirmatory) ";"F";"BAO_0000019";"assay format";"None";"None";"None";"None";"None";"";"";"";"CHEMBL3885630";"Ras and Rab interactor 1/Tyrosine-protein kinase ABL1";"Homo sapiens";"PROTEIN-PROTEIN INTERACTION";"CHEMBL1201862";"7";"PubChem BioAssays";"";"";"None";"";"";"";"12.921"
"CHEMBL1883596";"";"None";"558.72";"2";"5.25";"SID89855042";"CN(C(=O)c1ccc(NC(=O)Cc2ccc(NC(=O)C3CCN(C(=O)C4CCCC4)CC3)cc2)cc1)C1CCCC1";"IC50";"'='";"12633.0";"nM";"4.90";"";"inactive";"UO_0000065";"";"";"";"";"0";"CHEMBL1963907";"PUBCHEM_BIOASSAY: TRFRET-based biochemical high throughput dose response assay for inhibitors of the interaction of the Ras and Rab interactor 1 protein (Rin1) and the c-abl oncogene 1, non-receptor tyrosine kinase (Abl). (Class of assay: confirmatory) ";"F";"BAO_0000019";"assay format";"None";"None";"None";"None";"None";"";"";"";"CHEMBL3885630";"Ras and Rab interactor 1/Tyrosine-protein kinase ABL1";"Homo sapiens";"PROTEIN-PROTEIN INTERACTION";"CHEMBL1201862";"7";"PubChem BioAssays";"";"";"None";"";"";"";"12.633"
"CHEMBL1987738";"";"None";"441.61";"0";"3.97";"SID121285014";"CSCCC(c1nnnn1C1CCCC1)N1CCC(n2c(O)nc3ccccc32)CC1";"IC50";"'='";"26138.0";"nM";"4.58";"";"inactive";"UO_0000065";"";"";"";"";"0";"CHEMBL1963907";"PUBCHEM_BIOASSAY: TRFRET-based biochemical high throughput dose response assay for inhibitors of the interaction of the Ras and Rab interactor 1 protein (Rin1) and the c-abl oncogene 1, non-receptor tyrosine kinase (Abl). (Class of assay: confirmatory) ";"F";"BAO_0000019";"assay format";"None";"None";"None";"None";"None";"";"";"";"CHEMBL3885630";"Ras and Rab interactor 1/Tyrosine-protein kinase ABL1";"Homo sapiens";"PROTEIN-PROTEIN INTERACTION";"CHEMBL1201862";"7";"PubChem BioAssays";"";"";"None";"";"";"";"26.138"
"CHEMBL1698341";"";"None";"373.37";"0";"-0.24";"SID92764525";"OCC1OC(n2cnc3c(NCc4ccccc4O)ncnc32)C(O)C1O";"IC50";"'>'";"24460.0";"nM";"";"";"inactive";"UO_0000065";"";"";"";"";"0";"CHEMBL1963907";"PUBCHEM_BIOASSAY: TRFRET-based biochemical high throughput dose response assay for inhibitors of the interaction of the Ras and Rab interactor 1 protein (Rin1) and the c-abl oncogene 1, non-receptor tyrosine kinase (Abl). (Class of assay: confirmatory) ";"F";"BAO_0000019";"assay format";"None";"None";"None";"None";"None";"";"";"";"CHEMBL3885630";"Ras and Rab interactor 1/Tyrosine-protein kinase ABL1";"Homo sapiens";"PROTEIN-PROTEIN INTERACTION";"CHEMBL1201862";"7";"PubChem BioAssays";"";"";"None";"";"";"";"24.46"
"CHEMBL1455014";"";"None";"394.45";"0";"2.52";"SID4262628";"CCOC(=O)CCCCC(=O)c1[nH]c(O)nc1CSc1nc(C)cc(O)n1";"IC50";"'='";"191.92";"nM";"6.72";"";"active";"UO_0000065";"";"";"";"";"0";"CHEMBL1963907";"PUBCHEM_BIOASSAY: TRFRET-based biochemical high throughput dose response assay for inhibitors of the interaction of the Ras and Rab interactor 1 protein (Rin1) and the c-abl oncogene 1, non-receptor tyrosine kinase (Abl). (Class of assay: confirmatory) ";"F";"BAO_0000019";"assay format";"None";"None";"None";"None";"None";"";"";"";"CHEMBL3885630";"Ras and Rab interactor 1/Tyrosine-protein kinase ABL1";"Homo sapiens";"PROTEIN-PROTEIN INTERACTION";"CHEMBL1201862";"7";"PubChem BioAssays";"";"";"None";"";"";"";"0.19192"
"CHEMBL1991599";"";"None";"238.24";"0";"0.47";"SID24836087";"Oc1ccc(/C=N/N2CCOCC2)c(O)c1O";"IC50";"'>'";"73499.0";"nM";"";"";"inactive";"UO_0000065";"";"";"";"";"0";"CHEMBL1963907";"PUBCHEM_BIOASSAY: TRFRET-based biochemical high throughput dose response assay for inhibitors of the interaction of the Ras and Rab interactor 1 protein (Rin1) and the c-abl oncogene 1, non-receptor tyrosine kinase (Abl). (Class of assay: confirmatory) ";"F";"BAO_0000019";"assay format";"None";"None";"None";"None";"None";"";"";"";"CHEMBL3885630";"Ras and Rab interactor 1/Tyrosine-protein kinase ABL1";"Homo sapiens";"PROTEIN-PROTEIN INTERACTION";"CHEMBL1201862";"7";"PubChem BioAssays";"";"";"None";"";"";"";"73.499"
"CHEMBL1407551";"";"None";"405.25";"0";"1.97";"SID7976549";"Cn1c(=O)c2c(nc(-n3ccnc3)n2Cc2ccc(Cl)cc2Cl)n(C)c1=O";"IC50";"'='";"2621.0";"nM";"5.58";"";"active";"UO_0000065";"";"";"";"";"0";"CHEMBL1963907";"PUBCHEM_BIOASSAY: TRFRET-based biochemical high throughput dose response assay for inhibitors of the interaction of the Ras and Rab interactor 1 protein (Rin1) and the c-abl oncogene 1, non-receptor tyrosine kinase (Abl). (Class of assay: confirmatory) ";"F";"BAO_0000019";"assay format";"None";"None";"None";"None";"None";"";"";"";"CHEMBL3885630";"Ras and Rab interactor 1/Tyrosine-protein kinase ABL1";"Homo sapiens";"PROTEIN-PROTEIN INTERACTION";"CHEMBL1201862";"7";"PubChem BioAssays";"";"";"None";"";"";"";"2.621"
"CHEMBL1501047";"";"None";"330.41";"0";"1.65";"SID14737964";"CCOC(=O)CCCCC(=O)c1[nH]c(O)nc1CSCCO";"IC50";"'='";"695.03";"nM";"6.16";"";"active";"UO_0000065";"";"";"";"";"0";"CHEMBL1963907";"PUBCHEM_BIOASSAY: TRFRET-based biochemical high throughput dose response assay for inhibitors of the interaction of the Ras and Rab interactor 1 protein (Rin1) and the c-abl oncogene 1, non-receptor tyrosine kinase (Abl). (Class of assay: confirmatory) ";"F";"BAO_0000019";"assay format";"None";"None";"None";"None";"None";"";"";"";"CHEMBL3885630";"Ras and Rab interactor 1/Tyrosine-protein kinase ABL1";"Homo sapiens";"PROTEIN-PROTEIN INTERACTION";"CHEMBL1201862";"7";"PubChem BioAssays";"";"";"None";"";"";"";"0.69503"
"CHEMBL1899069";"";"None";"560.70";"1";"4.10";"SID89855064";"O=C(Cc1ccc(NC(=O)C2CCN(C(=O)C3CCCCC3)CC2)cc1)Nc1ccc(C(=O)N2CCOCC2)cc1";"IC50";"'='";"5510.0";"nM";"5.26";"";"active";"UO_0000065";"";"";"";"";"0";"CHEMBL1963907";"PUBCHEM_BIOASSAY: TRFRET-based biochemical high throughput dose response assay for inhibitors of the interaction of the Ras and Rab interactor 1 protein (Rin1) and the c-abl oncogene 1, non-receptor tyrosine kinase (Abl). (Class of assay: confirmatory) ";"F";"BAO_0000019";"assay format";"None";"None";"None";"None";"None";"";"";"";"CHEMBL3885630";"Ras and Rab interactor 1/Tyrosine-protein kinase ABL1";"Homo sapiens";"PROTEIN-PROTEIN INTERACTION";"CHEMBL1201862";"7";"PubChem BioAssays";"";"";"None";"";"";"";"5.51"
"CHEMBL1966984";"";"None";"516.46";"3";"1.03";"SID26666815";"O=C(/C=C/c1ccc(O)c(O)c1)OC1C(O)CC(OC(=O)/C=C/c2ccc(O)c(O)c2)(C(=O)O)CC1O";"IC50";"'='";"18897.0";"nM";"4.72";"";"inactive";"UO_0000065";"";"";"";"";"0";"CHEMBL1963907";"PUBCHEM_BIOASSAY: TRFRET-based biochemical high throughput dose response assay for inhibitors of the interaction of the Ras and Rab interactor 1 protein (Rin1) and the c-abl oncogene 1, non-receptor tyrosine kinase (Abl). (Class of assay: confirmatory) ";"F";"BAO_0000019";"assay format";"None";"None";"None";"None";"None";"";"";"";"CHEMBL3885630";"Ras and Rab interactor 1/Tyrosine-protein kinase ABL1";"Homo sapiens";"PROTEIN-PROTEIN INTERACTION";"CHEMBL1201862";"7";"PubChem BioAssays";"";"";"None";"";"";"";"18.897"
"CHEMBL1718137";"";"None";"480.59";"0";"4.64";"SID56316226";"CCN(CC(=O)Nc1ccc(NC(C)=O)cc1)C(=O)c1ccccc1SCc1c(C)noc1C";"IC50";"'='";"2218.0";"nM";"5.65";"";"active";"UO_0000065";"";"";"";"";"0";"CHEMBL1963907";"PUBCHEM_BIOASSAY: TRFRET-based biochemical high throughput dose response assay for inhibitors of the interaction of the Ras and Rab interactor 1 protein (Rin1) and the c-abl oncogene 1, non-receptor tyrosine kinase (Abl). (Class of assay: confirmatory) ";"F";"BAO_0000019";"assay format";"None";"None";"None";"None";"None";"";"";"";"CHEMBL3885630";"Ras and Rab interactor 1/Tyrosine-protein kinase ABL1";"Homo sapiens";"PROTEIN-PROTEIN INTERACTION";"CHEMBL1201862";"7";"PubChem BioAssays";"";"";"None";"";"";"";"2.218"
"CHEMBL1728953";"";"None";"260.34";"0";"1.13";"SID4246017";"O=C1CNC(=O)/C1=C\NC12CC3CC(CC(C3)C1)C2";"IC50";"'='";"21025.0";"nM";"4.68";"";"inactive";"UO_0000065";"";"";"";"";"0";"CHEMBL1963907";"PUBCHEM_BIOASSAY: TRFRET-based biochemical high throughput dose response assay for inhibitors of the interaction of the Ras and Rab interactor 1 protein (Rin1) and the c-abl oncogene 1, non-receptor tyrosine kinase (Abl). (Class of assay: confirmatory) ";"F";"BAO_0000019";"assay format";"None";"None";"None";"None";"None";"";"";"";"CHEMBL3885630";"Ras and Rab interactor 1/Tyrosine-protein kinase ABL1";"Homo sapiens";"PROTEIN-PROTEIN INTERACTION";"CHEMBL1201862";"7";"PubChem BioAssays";"";"";"None";"";"";"";"21.025"
"CHEMBL1891798";"";"None";"352.44";"0";"1.92";"SID49737149";"CN(Cc1cnccn1)C(=O)C1CCC(=O)N(CCc2ccccc2)C1";"IC50";"'='";"17548.0";"nM";"4.76";"";"inactive";"UO_0000065";"";"";"";"";"0";"CHEMBL1963907";"PUBCHEM_BIOASSAY: TRFRET-based biochemical high throughput dose response assay for inhibitors of the interaction of the Ras and Rab interactor 1 protein (Rin1) and the c-abl oncogene 1, non-receptor tyrosine kinase (Abl). (Class of assay: confirmatory) ";"F";"BAO_0000019";"assay format";"None";"None";"None";"None";"None";"";"";"";"CHEMBL3885630";"Ras and Rab interactor 1/Tyrosine-protein kinase ABL1";"Homo sapiens";"PROTEIN-PROTEIN INTERACTION";"CHEMBL1201862";"7";"PubChem BioAssays";"";"";"None";"";"";"";"17.548"
"CHEMBL1588205";"";"None";"354.19";"0";"4.34";"SID17414888";"CCOc1c(Cl)cc(C(=O)Nc2ccccc2C(=O)O)cc1Cl";"IC50";"'='";"26759.0";"nM";"4.57";"";"inactive";"UO_0000065";"";"";"";"";"0";"CHEMBL1963907";"PUBCHEM_BIOASSAY: TRFRET-based biochemical high throughput dose response assay for inhibitors of the interaction of the Ras and Rab interactor 1 protein (Rin1) and the c-abl oncogene 1, non-receptor tyrosine kinase (Abl). (Class of assay: confirmatory) ";"F";"BAO_0000019";"assay format";"None";"None";"None";"None";"None";"";"";"";"CHEMBL3885630";"Ras and Rab interactor 1/Tyrosine-protein kinase ABL1";"Homo sapiens";"PROTEIN-PROTEIN INTERACTION";"CHEMBL1201862";"7";"PubChem BioAssays";"";"";"None";"";"";"";"26.759"
"CHEMBL1603231";"";"None";"406.47";"0";"2.60";"SID24816551";"COc1ccccc1CNC(=O)CSc1nnc2ccc(-c3cccnc3)nn12";"IC50";"'>'";"73493.0";"nM";"";"";"inactive";"UO_0000065";"";"";"";"";"0";"CHEMBL1963907";"PUBCHEM_BIOASSAY: TRFRET-based biochemical high throughput dose response assay for inhibitors of the interaction of the Ras and Rab interactor 1 protein (Rin1) and the c-abl oncogene 1, non-receptor tyrosine kinase (Abl). (Class of assay: confirmatory) ";"F";"BAO_0000019";"assay format";"None";"None";"None";"None";"None";"";"";"";"CHEMBL3885630";"Ras and Rab interactor 1/Tyrosine-protein kinase ABL1";"Homo sapiens";"PROTEIN-PROTEIN INTERACTION";"CHEMBL1201862";"7";"PubChem BioAssays";"";"";"None";"";"";"";"73.493"
"CHEMBL1381661";"";"None";"404.54";"0";"3.94";"SID24799465";"Cc1ccccc1CN1C[C@@H]2C[C@@H](c3ccc4nsnc4c3)N3CCC[C@@]23C1=O";"IC50";"'='";"34105.0";"nM";"4.47";"";"inactive";"UO_0000065";"";"";"";"";"0";"CHEMBL1963907";"PUBCHEM_BIOASSAY: TRFRET-based biochemical high throughput dose response assay for inhibitors of the interaction of the Ras and Rab interactor 1 protein (Rin1) and the c-abl oncogene 1, non-receptor tyrosine kinase (Abl). (Class of assay: confirmatory) ";"F";"BAO_0000019";"assay format";"None";"None";"None";"None";"None";"";"";"";"CHEMBL3885630";"Ras and Rab interactor 1/Tyrosine-protein kinase ABL1";"Homo sapiens";"PROTEIN-PROTEIN INTERACTION";"CHEMBL1201862";"7";"PubChem BioAssays";"";"";"None";"";"";"";"34.105"
"CHEMBL1411575";"";"None";"402.45";"0";"1.97";"SID46500667";"CCOC(=O)C1CCCN(C(=O)c2cn(C)c(=O)c3cc(OC)c(OC)cc23)C1";"IC50";"'='";"14111.0";"nM";"4.85";"";"inactive";"UO_0000065";"";"";"";"";"0";"CHEMBL1963907";"PUBCHEM_BIOASSAY: TRFRET-based biochemical high throughput dose response assay for inhibitors of the interaction of the Ras and Rab interactor 1 protein (Rin1) and the c-abl oncogene 1, non-receptor tyrosine kinase (Abl). (Class of assay: confirmatory) ";"F";"BAO_0000019";"assay format";"None";"None";"None";"None";"None";"";"";"";"CHEMBL3885630";"Ras and Rab interactor 1/Tyrosine-protein kinase ABL1";"Homo sapiens";"PROTEIN-PROTEIN INTERACTION";"CHEMBL1201862";"7";"PubChem BioAssays";"";"";"None";"";"";"";"14.111"
"CHEMBL1498082";"";"None";"385.81";"0";"2.33";"SID24807885";"Cn1c(=O)[nH]c(=O)c2c1nc(NCc1ccco1)n2Cc1ccccc1Cl";"IC50";"'>'";"73446.0";"nM";"";"";"inactive";"UO_0000065";"";"";"";"";"0";"CHEMBL1963907";"PUBCHEM_BIOASSAY: TRFRET-based biochemical high throughput dose response assay for inhibitors of the interaction of the Ras and Rab interactor 1 protein (Rin1) and the c-abl oncogene 1, non-receptor tyrosine kinase (Abl). (Class of assay: confirmatory) ";"F";"BAO_0000019";"assay format";"None";"None";"None";"None";"None";"";"";"";"CHEMBL3885630";"Ras and Rab interactor 1/Tyrosine-protein kinase ABL1";"Homo sapiens";"PROTEIN-PROTEIN INTERACTION";"CHEMBL1201862";"7";"PubChem BioAssays";"";"";"None";"";"";"";"73.446"
"CHEMBL1332368";"";"None";"432.95";"0";"3.91";"SID24786070";"CCOC(=O)c1ccc(NC(=O)COc2ccccc2CNC2CCCC2)cc1.Cl";"IC50";"'='";"12167.0";"nM";"4.92";"";"inactive";"UO_0000065";"";"";"";"";"0";"CHEMBL1963907";"PUBCHEM_BIOASSAY: TRFRET-based biochemical high throughput dose response assay for inhibitors of the interaction of the Ras and Rab interactor 1 protein (Rin1) and the c-abl oncogene 1, non-receptor tyrosine kinase (Abl). (Class of assay: confirmatory) ";"F";"BAO_0000019";"assay format";"None";"None";"None";"None";"None";"";"";"";"CHEMBL3885630";"Ras and Rab interactor 1/Tyrosine-protein kinase ABL1";"Homo sapiens";"PROTEIN-PROTEIN INTERACTION";"CHEMBL1201862";"7";"PubChem BioAssays";"";"";"None";"";"";"";"12.167"
"CHEMBL1611726";"";"None";"212.25";"0";"0.12";"SID14735054";"CCCCN1C(=O)N(C)C2NC(=O)NC21";"IC50";"'='";"2997.0";"nM";"5.52";"";"active";"UO_0000065";"";"";"";"";"0";"CHEMBL1963907";"PUBCHEM_BIOASSAY: TRFRET-based biochemical high throughput dose response assay for inhibitors of the interaction of the Ras and Rab interactor 1 protein (Rin1) and the c-abl oncogene 1, non-receptor tyrosine kinase (Abl). (Class of assay: confirmatory) ";"F";"BAO_0000019";"assay format";"None";"None";"None";"None";"None";"";"";"";"CHEMBL3885630";"Ras and Rab interactor 1/Tyrosine-protein kinase ABL1";"Homo sapiens";"PROTEIN-PROTEIN INTERACTION";"CHEMBL1201862";"7";"PubChem BioAssays";"";"";"None";"";"";"";"2.997"
"CHEMBL1883743";"";"None";"628.54";"3";"-1.69";"SID93576691";"C[C@@H]1O[C@@H](OC[C@H]2O[C@@H](Oc3c(-c4ccc(O)c(O)c4)oc4cc(O)cc(O)c4c3=O)[C@H](O)[C@@H](O)[C@@H]2O)[C@H](O)[C@H](O)[C@H]1O.O";"IC50";"'>'";"73464.0";"nM";"";"";"inactive";"UO_0000065";"";"";"";"";"0";"CHEMBL1963907";"PUBCHEM_BIOASSAY: TRFRET-based biochemical high throughput dose response assay for inhibitors of the interaction of the Ras and Rab interactor 1 protein (Rin1) and the c-abl oncogene 1, non-receptor tyrosine kinase (Abl). (Class of assay: confirmatory) ";"F";"BAO_0000019";"assay format";"None";"None";"None";"None";"None";"";"";"";"CHEMBL3885630";"Ras and Rab interactor 1/Tyrosine-protein kinase ABL1";"Homo sapiens";"PROTEIN-PROTEIN INTERACTION";"CHEMBL1201862";"7";"PubChem BioAssays";"";"";"None";"";"";"";"73.464"
"CHEMBL2003139";"";"None";"532.64";"1";"3.32";"SID89855141";"O=C(Cc1ccc(NC(=O)C2CCN(C(=O)C3CCC3)CC2)cc1)Nc1ccc(C(=O)N2CCOCC2)cc1";"IC50";"'='";"16489.0";"nM";"4.78";"";"inactive";"UO_0000065";"";"";"";"";"0";"CHEMBL1963907";"PUBCHEM_BIOASSAY: TRFRET-based biochemical high throughput dose response assay for inhibitors of the interaction of the Ras and Rab interactor 1 protein (Rin1) and the c-abl oncogene 1, non-receptor tyrosine kinase (Abl). (Class of assay: confirmatory) ";"F";"BAO_0000019";"assay format";"None";"None";"None";"None";"None";"";"";"";"CHEMBL3885630";"Ras and Rab interactor 1/Tyrosine-protein kinase ABL1";"Homo sapiens";"PROTEIN-PROTEIN INTERACTION";"CHEMBL1201862";"7";"PubChem BioAssays";"";"";"None";"";"";"";"16.489"
"CHEMBL1521321";"";"None";"435.50";"0";"2.83";"SID56322130";"COC(=O)c1ccc(COC(=O)C2CCN(S(=O)(=O)c3ccc(C)c(C)c3)CC2)o1";"IC50";"'='";"12361.0";"nM";"4.91";"";"inactive";"UO_0000065";"";"";"";"";"0";"CHEMBL1963907";"PUBCHEM_BIOASSAY: TRFRET-based biochemical high throughput dose response assay for inhibitors of the interaction of the Ras and Rab interactor 1 protein (Rin1) and the c-abl oncogene 1, non-receptor tyrosine kinase (Abl). (Class of assay: confirmatory) ";"F";"BAO_0000019";"assay format";"None";"None";"None";"None";"None";"";"";"";"CHEMBL3885630";"Ras and Rab interactor 1/Tyrosine-protein kinase ABL1";"Homo sapiens";"PROTEIN-PROTEIN INTERACTION";"CHEMBL1201862";"7";"PubChem BioAssays";"";"";"None";"";"";"";"12.361"
"CHEMBL1736922";"";"None";"315.33";"0";"1.17";"SID26730608";"O=C(Nc1ccn([C@H]2CC[C@@H](CO)O2)c(=O)n1)c1ccccc1";"IC50";"'='";"66621.0";"nM";"4.18";"";"inactive";"UO_0000065";"";"";"";"";"0";"CHEMBL1963907";"PUBCHEM_BIOASSAY: TRFRET-based biochemical high throughput dose response assay for inhibitors of the interaction of the Ras and Rab interactor 1 protein (Rin1) and the c-abl oncogene 1, non-receptor tyrosine kinase (Abl). (Class of assay: confirmatory) ";"F";"BAO_0000019";"assay format";"None";"None";"None";"None";"None";"";"";"";"CHEMBL3885630";"Ras and Rab interactor 1/Tyrosine-protein kinase ABL1";"Homo sapiens";"PROTEIN-PROTEIN INTERACTION";"CHEMBL1201862";"7";"PubChem BioAssays";"";"";"None";"";"";"";"66.621"
"CHEMBL1532033";"";"None";"342.46";"0";"3.45";"SID7972316";"CCCCSCc1[nH]c(O)nc1C(=O)CCCCC(=O)OCC";"IC50";"'='";"4756.0";"nM";"5.32";"";"active";"UO_0000065";"";"";"";"";"0";"CHEMBL1963907";"PUBCHEM_BIOASSAY: TRFRET-based biochemical high throughput dose response assay for inhibitors of the interaction of the Ras and Rab interactor 1 protein (Rin1) and the c-abl oncogene 1, non-receptor tyrosine kinase (Abl). (Class of assay: confirmatory) ";"F";"BAO_0000019";"assay format";"None";"None";"None";"None";"None";"";"";"";"CHEMBL3885630";"Ras and Rab interactor 1/Tyrosine-protein kinase ABL1";"Homo sapiens";"PROTEIN-PROTEIN INTERACTION";"CHEMBL1201862";"7";"PubChem BioAssays";"";"";"None";"";"";"";"4.756"
"CHEMBL1387987";"";"None";"421.57";"0";"4.40";"SID49818582";"CCCc1ncc(CN2CCC(C(=O)Nc3cccc(-c4cscn4)c3)CC2)cn1";"IC50";"'='";"22349.0";"nM";"4.65";"";"inactive";"UO_0000065";"";"";"";"";"0";"CHEMBL1963907";"PUBCHEM_BIOASSAY: TRFRET-based biochemical high throughput dose response assay for inhibitors of the interaction of the Ras and Rab interactor 1 protein (Rin1) and the c-abl oncogene 1, non-receptor tyrosine kinase (Abl). (Class of assay: confirmatory) ";"F";"BAO_0000019";"assay format";"None";"None";"None";"None";"None";"";"";"";"CHEMBL3885630";"Ras and Rab interactor 1/Tyrosine-protein kinase ABL1";"Homo sapiens";"PROTEIN-PROTEIN INTERACTION";"CHEMBL1201862";"7";"PubChem BioAssays";"";"";"None";"";"";"";"22.349"
"CHEMBL1358930";"";"None";"365.50";"0";"4.18";"SID49644973";"CCN(CC)C(=O)CSc1nc(Cc2ccccc2)nc2ccccc12";"IC50";"'>'";"73403.0";"nM";"";"";"inactive";"UO_0000065";"";"";"";"";"0";"CHEMBL1963907";"PUBCHEM_BIOASSAY: TRFRET-based biochemical high throughput dose response assay for inhibitors of the interaction of the Ras and Rab interactor 1 protein (Rin1) and the c-abl oncogene 1, non-receptor tyrosine kinase (Abl). (Class of assay: confirmatory) ";"F";"BAO_0000019";"assay format";"None";"None";"None";"None";"None";"";"";"";"CHEMBL3885630";"Ras and Rab interactor 1/Tyrosine-protein kinase ABL1";"Homo sapiens";"PROTEIN-PROTEIN INTERACTION";"CHEMBL1201862";"7";"PubChem BioAssays";"";"";"None";"";"";"";"73.403"
"CHEMBL1708562";"";"None";"474.54";"0";"-0.42";"SID57264004";"Cc1ccc(S(=O)(=O)N2CCN(C(=O)Cn3cnc4c3c(=O)n(C)c(=O)n4C)CC2)cc1C";"IC50";"'='";"21458.0";"nM";"4.67";"";"inactive";"UO_0000065";"";"";"";"";"0";"CHEMBL1963907";"PUBCHEM_BIOASSAY: TRFRET-based biochemical high throughput dose response assay for inhibitors of the interaction of the Ras and Rab interactor 1 protein (Rin1) and the c-abl oncogene 1, non-receptor tyrosine kinase (Abl). (Class of assay: confirmatory) ";"F";"BAO_0000019";"assay format";"None";"None";"None";"None";"None";"";"";"";"CHEMBL3885630";"Ras and Rab interactor 1/Tyrosine-protein kinase ABL1";"Homo sapiens";"PROTEIN-PROTEIN INTERACTION";"CHEMBL1201862";"7";"PubChem BioAssays";"";"";"None";"";"";"";"21.458"
"CHEMBL1377692";"";"None";"461.57";"0";"2.57";"SID49737182";"COc1ccc(OC)c(NC(=O)Cc2ccc(NC3=NC4CS(=O)(=O)CC4S3)cc2)c1";"IC50";"'='";"14052.0";"nM";"4.85";"";"inactive";"UO_0000065";"";"";"";"";"0";"CHEMBL1963907";"PUBCHEM_BIOASSAY: TRFRET-based biochemical high throughput dose response assay for inhibitors of the interaction of the Ras and Rab interactor 1 protein (Rin1) and the c-abl oncogene 1, non-receptor tyrosine kinase (Abl). (Class of assay: confirmatory) ";"F";"BAO_0000019";"assay format";"None";"None";"None";"None";"None";"";"";"";"CHEMBL3885630";"Ras and Rab interactor 1/Tyrosine-protein kinase ABL1";"Homo sapiens";"PROTEIN-PROTEIN INTERACTION";"CHEMBL1201862";"7";"PubChem BioAssays";"";"";"None";"";"";"";"14.052"
"CHEMBL1599263";"";"None";"259.39";"0";"3.66";"SID856289";"CCCCC(=O)C1CCN(Cc2ccccc2)CC1";"IC50";"'='";"19405.0";"nM";"4.71";"";"inactive";"UO_0000065";"";"";"";"";"0";"CHEMBL1963907";"PUBCHEM_BIOASSAY: TRFRET-based biochemical high throughput dose response assay for inhibitors of the interaction of the Ras and Rab interactor 1 protein (Rin1) and the c-abl oncogene 1, non-receptor tyrosine kinase (Abl). (Class of assay: confirmatory) ";"F";"BAO_0000019";"assay format";"None";"None";"None";"None";"None";"";"";"";"CHEMBL3885630";"Ras and Rab interactor 1/Tyrosine-protein kinase ABL1";"Homo sapiens";"PROTEIN-PROTEIN INTERACTION";"CHEMBL1201862";"7";"PubChem BioAssays";"";"";"None";"";"";"";"19.405"
"CHEMBL1346456";"";"None";"300.31";"0";"3.43";"SID26657955";"COc1cc2c(ccc3cc(OC)c(OC)c(O)c32)cc1O";"IC50";"'='";"35207.0";"nM";"4.45";"";"inactive";"UO_0000065";"";"";"";"";"0";"CHEMBL1963907";"PUBCHEM_BIOASSAY: TRFRET-based biochemical high throughput dose response assay for inhibitors of the interaction of the Ras and Rab interactor 1 protein (Rin1) and the c-abl oncogene 1, non-receptor tyrosine kinase (Abl). (Class of assay: confirmatory) ";"F";"BAO_0000019";"assay format";"None";"None";"None";"None";"None";"";"";"";"CHEMBL3885630";"Ras and Rab interactor 1/Tyrosine-protein kinase ABL1";"Homo sapiens";"PROTEIN-PROTEIN INTERACTION";"CHEMBL1201862";"7";"PubChem BioAssays";"";"";"None";"";"";"";"35.207"
"CHEMBL1350056";"";"None";"284.77";"0";"1.90";"SID865086";"O=C(CC1SCCNC1=O)Nc1cccc(Cl)c1";"IC50";"'='";"20779.0";"nM";"4.68";"";"inactive";"UO_0000065";"";"";"";"";"0";"CHEMBL1963907";"PUBCHEM_BIOASSAY: TRFRET-based biochemical high throughput dose response assay for inhibitors of the interaction of the Ras and Rab interactor 1 protein (Rin1) and the c-abl oncogene 1, non-receptor tyrosine kinase (Abl). (Class of assay: confirmatory) ";"F";"BAO_0000019";"assay format";"None";"None";"None";"None";"None";"";"";"";"CHEMBL3885630";"Ras and Rab interactor 1/Tyrosine-protein kinase ABL1";"Homo sapiens";"PROTEIN-PROTEIN INTERACTION";"CHEMBL1201862";"7";"PubChem BioAssays";"";"";"None";"";"";"";"20.779"
"CHEMBL1608529";"";"None";"317.43";"0";"3.21";"SID24783625";"CCc1cccc(NC(=O)CCCCCC2NC(=O)NC2C)c1";"IC50";"'='";"8.97";"nM";"8.05";"";"active";"UO_0000065";"";"";"";"";"0";"CHEMBL1963907";"PUBCHEM_BIOASSAY: TRFRET-based biochemical high throughput dose response assay for inhibitors of the interaction of the Ras and Rab interactor 1 protein (Rin1) and the c-abl oncogene 1, non-receptor tyrosine kinase (Abl). (Class of assay: confirmatory) ";"F";"BAO_0000019";"assay format";"None";"None";"None";"None";"None";"";"";"";"CHEMBL3885630";"Ras and Rab interactor 1/Tyrosine-protein kinase ABL1";"Homo sapiens";"PROTEIN-PROTEIN INTERACTION";"CHEMBL1201862";"7";"PubChem BioAssays";"";"";"None";"";"";"";"0.00897"
"CHEMBL1888742";"";"None";"560.62";"2";"4.46";"SID121284951";"Oc1nc2ccccc2n1C1CCN(C(c2ccnc3ccccc23)c2nnnn2-c2ccc3c(c2)OCCO3)CC1";"IC50";"'='";"15344.0";"nM";"4.81";"";"inactive";"UO_0000065";"";"";"";"";"0";"CHEMBL1963907";"PUBCHEM_BIOASSAY: TRFRET-based biochemical high throughput dose response assay for inhibitors of the interaction of the Ras and Rab interactor 1 protein (Rin1) and the c-abl oncogene 1, non-receptor tyrosine kinase (Abl). (Class of assay: confirmatory) ";"F";"BAO_0000019";"assay format";"None";"None";"None";"None";"None";"";"";"";"CHEMBL3885630";"Ras and Rab interactor 1/Tyrosine-protein kinase ABL1";"Homo sapiens";"PROTEIN-PROTEIN INTERACTION";"CHEMBL1201862";"7";"PubChem BioAssays";"";"";"None";"";"";"";"15.344"
"CHEMBL1975294";"";"None";"414.90";"0";"2.45";"SID103059997";"OC[C@@H]1CN(Cc2ccc(Cl)cc2)C[C@H](n2cnc3c(NC4CC4)ncnc32)O1";"IC50";"'='";"37227.0";"nM";"4.43";"";"inactive";"UO_0000065";"";"";"";"";"0";"CHEMBL1963907";"PUBCHEM_BIOASSAY: TRFRET-based biochemical high throughput dose response assay for inhibitors of the interaction of the Ras and Rab interactor 1 protein (Rin1) and the c-abl oncogene 1, non-receptor tyrosine kinase (Abl). (Class of assay: confirmatory) ";"F";"BAO_0000019";"assay format";"None";"None";"None";"None";"None";"";"";"";"CHEMBL3885630";"Ras and Rab interactor 1/Tyrosine-protein kinase ABL1";"Homo sapiens";"PROTEIN-PROTEIN INTERACTION";"CHEMBL1201862";"7";"PubChem BioAssays";"";"";"None";"";"";"";"37.227"
"CHEMBL1905247";"";"None";"602.74";"2";"5.67";"SID89855218";"CN(CCc1ccccc1)C(=O)c1ccc(NC(=O)Cc2ccc(NC(=O)C3CCN(C(=O)c4ccccc4)CC3)cc2)cc1";"IC50";"'='";"3906.0";"nM";"5.41";"";"active";"UO_0000065";"";"";"";"";"0";"CHEMBL1963907";"PUBCHEM_BIOASSAY: TRFRET-based biochemical high throughput dose response assay for inhibitors of the interaction of the Ras and Rab interactor 1 protein (Rin1) and the c-abl oncogene 1, non-receptor tyrosine kinase (Abl). (Class of assay: confirmatory) ";"F";"BAO_0000019";"assay format";"None";"None";"None";"None";"None";"";"";"";"CHEMBL3885630";"Ras and Rab interactor 1/Tyrosine-protein kinase ABL1";"Homo sapiens";"PROTEIN-PROTEIN INTERACTION";"CHEMBL1201862";"7";"PubChem BioAssays";"";"";"None";"";"";"";"3.906"
"CHEMBL1456677";"";"None";"284.77";"0";"2.78";"SID3716864";"COC(=O)CCSCc1cn2cc(Cl)ccc2n1";"IC50";"'='";"8829.0";"nM";"5.05";"";"active";"UO_0000065";"";"";"";"";"0";"CHEMBL1963907";"PUBCHEM_BIOASSAY: TRFRET-based biochemical high throughput dose response assay for inhibitors of the interaction of the Ras and Rab interactor 1 protein (Rin1) and the c-abl oncogene 1, non-receptor tyrosine kinase (Abl). (Class of assay: confirmatory) ";"F";"BAO_0000019";"assay format";"None";"None";"None";"None";"None";"";"";"";"CHEMBL3885630";"Ras and Rab interactor 1/Tyrosine-protein kinase ABL1";"Homo sapiens";"PROTEIN-PROTEIN INTERACTION";"CHEMBL1201862";"7";"PubChem BioAssays";"";"";"None";"";"";"";"8.829"
"CHEMBL1725007";"";"None";"709.89";"2";"5.10";"SID87342639";"CC[C@]12c3[nH]c4ccc(OC)cc4c3CCN1C(=O)C(CC(=O)NCC13C[C@H]4C[C@@H](C1)C[C@@H](C3)C4)C[C@@H]2C(=O)N1CCN(C(=O)c2ccco2)CC1";"IC50";"'='";"4195.0";"nM";"5.38";"";"active";"UO_0000065";"";"";"";"";"0";"CHEMBL1963907";"PUBCHEM_BIOASSAY: TRFRET-based biochemical high throughput dose response assay for inhibitors of the interaction of the Ras and Rab interactor 1 protein (Rin1) and the c-abl oncogene 1, non-receptor tyrosine kinase (Abl). (Class of assay: confirmatory) ";"F";"BAO_0000019";"assay format";"None";"None";"None";"None";"None";"";"";"";"CHEMBL3885630";"Ras and Rab interactor 1/Tyrosine-protein kinase ABL1";"Homo sapiens";"PROTEIN-PROTEIN INTERACTION";"CHEMBL1201862";"7";"PubChem BioAssays";"";"";"None";"";"";"";"4.195"
"CHEMBL1999768";"";"None";"359.45";"0";"3.12";"SID26658555";"CCCOc1ccc(/C=N/NC(=O)CSc2ccccn2)cc1OC";"IC50";"'='";"12046.0";"nM";"4.92";"";"inactive";"UO_0000065";"";"";"";"";"0";"CHEMBL1963907";"PUBCHEM_BIOASSAY: TRFRET-based biochemical high throughput dose response assay for inhibitors of the interaction of the Ras and Rab interactor 1 protein (Rin1) and the c-abl oncogene 1, non-receptor tyrosine kinase (Abl). (Class of assay: confirmatory) ";"F";"BAO_0000019";"assay format";"None";"None";"None";"None";"None";"";"";"";"CHEMBL3885630";"Ras and Rab interactor 1/Tyrosine-protein kinase ABL1";"Homo sapiens";"PROTEIN-PROTEIN INTERACTION";"CHEMBL1201862";"7";"PubChem BioAssays";"";"";"None";"";"";"";"12.046"
"CHEMBL2001828";"";"None";"456.55";"0";"3.48";"SID103073578";"C=CCNc1ncnc2c1ncn2[C@H]1CN(Cc2ccc(-c3ccccc3)cc2)C[C@@H](CO)O1";"IC50";"'='";"24216.0";"nM";"4.62";"";"inactive";"UO_0000065";"";"";"";"";"0";"CHEMBL1963907";"PUBCHEM_BIOASSAY: TRFRET-based biochemical high throughput dose response assay for inhibitors of the interaction of the Ras and Rab interactor 1 protein (Rin1) and the c-abl oncogene 1, non-receptor tyrosine kinase (Abl). (Class of assay: confirmatory) ";"F";"BAO_0000019";"assay format";"None";"None";"None";"None";"None";"";"";"";"CHEMBL3885630";"Ras and Rab interactor 1/Tyrosine-protein kinase ABL1";"Homo sapiens";"PROTEIN-PROTEIN INTERACTION";"CHEMBL1201862";"7";"PubChem BioAssays";"";"";"None";"";"";"";"24.216"
"CHEMBL2001761";"";"None";"236.27";"0";"1.62";"SID49675085";"Oc1ccc(/C=N/N2CCCCC2)c(O)c1O";"IC50";"'>'";"73503.0";"nM";"";"";"inactive";"UO_0000065";"";"";"";"";"0";"CHEMBL1963907";"PUBCHEM_BIOASSAY: TRFRET-based biochemical high throughput dose response assay for inhibitors of the interaction of the Ras and Rab interactor 1 protein (Rin1) and the c-abl oncogene 1, non-receptor tyrosine kinase (Abl). (Class of assay: confirmatory) ";"F";"BAO_0000019";"assay format";"None";"None";"None";"None";"None";"";"";"";"CHEMBL3885630";"Ras and Rab interactor 1/Tyrosine-protein kinase ABL1";"Homo sapiens";"PROTEIN-PROTEIN INTERACTION";"CHEMBL1201862";"7";"PubChem BioAssays";"";"";"None";"";"";"";"73.503"
"CHEMBL2004803";"";"None";"150.14";"0";"0.25";"SID99360784";"Nc1cc(O)c2[nH]cnc2n1";"IC50";"'='";"33618.0";"nM";"4.47";"";"inactive";"UO_0000065";"";"";"";"";"0";"CHEMBL1963907";"PUBCHEM_BIOASSAY: TRFRET-based biochemical high throughput dose response assay for inhibitors of the interaction of the Ras and Rab interactor 1 protein (Rin1) and the c-abl oncogene 1, non-receptor tyrosine kinase (Abl). (Class of assay: confirmatory) ";"F";"BAO_0000019";"assay format";"None";"None";"None";"None";"None";"";"";"";"CHEMBL3885630";"Ras and Rab interactor 1/Tyrosine-protein kinase ABL1";"Homo sapiens";"PROTEIN-PROTEIN INTERACTION";"CHEMBL1201862";"7";"PubChem BioAssays";"";"";"None";"";"";"";"33.618"
"CHEMBL1475400";"";"None";"201.22";"0";"2.37";"SID57261408";"Oc1cc(OCc2ccccc2)ccn1";"IC50";"'='";"26.15";"nM";"7.58";"";"active";"UO_0000065";"";"";"";"";"0";"CHEMBL1963907";"PUBCHEM_BIOASSAY: TRFRET-based biochemical high throughput dose response assay for inhibitors of the interaction of the Ras and Rab interactor 1 protein (Rin1) and the c-abl oncogene 1, non-receptor tyrosine kinase (Abl). (Class of assay: confirmatory) ";"F";"BAO_0000019";"assay format";"None";"None";"None";"None";"None";"";"";"";"CHEMBL3885630";"Ras and Rab interactor 1/Tyrosine-protein kinase ABL1";"Homo sapiens";"PROTEIN-PROTEIN INTERACTION";"CHEMBL1201862";"7";"PubChem BioAssays";"";"";"None";"";"";"";"0.02615"
"CHEMBL1506113";"";"None";"324.32";"0";"3.31";"SID26670204";"CC1(c2nnc(-c3ccncc3)o2)CC(c2ccc(F)cc2)=NO1";"IC50";"'='";"10819.0";"nM";"4.97";"";"inactive";"UO_0000065";"";"";"";"";"0";"CHEMBL1963907";"PUBCHEM_BIOASSAY: TRFRET-based biochemical high throughput dose response assay for inhibitors of the interaction of the Ras and Rab interactor 1 protein (Rin1) and the c-abl oncogene 1, non-receptor tyrosine kinase (Abl). (Class of assay: confirmatory) ";"F";"BAO_0000019";"assay format";"None";"None";"None";"None";"None";"";"";"";"CHEMBL3885630";"Ras and Rab interactor 1/Tyrosine-protein kinase ABL1";"Homo sapiens";"PROTEIN-PROTEIN INTERACTION";"CHEMBL1201862";"7";"PubChem BioAssays";"";"";"None";"";"";"";"10.819"
"CHEMBL1571034";"";"None";"410.38";"0";"3.71";"SID87338067";"COc1cc(OC)c(-c2c3cc(O)c(=O)cc-3oc3cc(O)c(O)cc23)cc1OC";"IC50";"'='";"724.16";"nM";"6.14";"";"active";"UO_0000065";"";"";"";"";"0";"CHEMBL1963907";"PUBCHEM_BIOASSAY: TRFRET-based biochemical high throughput dose response assay for inhibitors of the interaction of the Ras and Rab interactor 1 protein (Rin1) and the c-abl oncogene 1, non-receptor tyrosine kinase (Abl). (Class of assay: confirmatory) ";"F";"BAO_0000019";"assay format";"None";"None";"None";"None";"None";"";"";"";"CHEMBL3885630";"Ras and Rab interactor 1/Tyrosine-protein kinase ABL1";"Homo sapiens";"PROTEIN-PROTEIN INTERACTION";"CHEMBL1201862";"7";"PubChem BioAssays";"";"";"None";"";"";"";"0.72416"
"CHEMBL1584967";"";"None";"436.99";"1";"5.64";"SID49719213";"CC(C)n1cc(CN2CCC(C(=O)Nc3cccc(-c4cccc(Cl)c4)c3)CC2)cn1";"IC50";"'='";"16413.0";"nM";"4.79";"";"inactive";"UO_0000065";"";"";"";"";"0";"CHEMBL1963907";"PUBCHEM_BIOASSAY: TRFRET-based biochemical high throughput dose response assay for inhibitors of the interaction of the Ras and Rab interactor 1 protein (Rin1) and the c-abl oncogene 1, non-receptor tyrosine kinase (Abl). (Class of assay: confirmatory) ";"F";"BAO_0000019";"assay format";"None";"None";"None";"None";"None";"";"";"";"CHEMBL3885630";"Ras and Rab interactor 1/Tyrosine-protein kinase ABL1";"Homo sapiens";"PROTEIN-PROTEIN INTERACTION";"CHEMBL1201862";"7";"PubChem BioAssays";"";"";"None";"";"";"";"16.413"
"CHEMBL1523531";"";"None";"260.34";"0";"1.13";"SID14736166";"O=C1CNC(=O)/C1=C/NC12CC3CC(CC(C3)C1)C2";"IC50";"'='";"19358.0";"nM";"4.71";"";"inactive";"UO_0000065";"";"";"";"";"0";"CHEMBL1963907";"PUBCHEM_BIOASSAY: TRFRET-based biochemical high throughput dose response assay for inhibitors of the interaction of the Ras and Rab interactor 1 protein (Rin1) and the c-abl oncogene 1, non-receptor tyrosine kinase (Abl). (Class of assay: confirmatory) ";"F";"BAO_0000019";"assay format";"None";"None";"None";"None";"None";"";"";"";"CHEMBL3885630";"Ras and Rab interactor 1/Tyrosine-protein kinase ABL1";"Homo sapiens";"PROTEIN-PROTEIN INTERACTION";"CHEMBL1201862";"7";"PubChem BioAssays";"";"";"None";"";"";"";"19.358"
"CHEMBL1512846";"";"None";"487.62";"0";"3.99";"SID56315743";"CCN(CC)C(=O)c1ccc(NC(=O)c2cc(S(=O)(=O)N3CCCCCC3)ccc2OC)cc1";"IC50";"'='";"618.21";"nM";"6.21";"";"active";"UO_0000065";"";"";"";"";"0";"CHEMBL1963907";"PUBCHEM_BIOASSAY: TRFRET-based biochemical high throughput dose response assay for inhibitors of the interaction of the Ras and Rab interactor 1 protein (Rin1) and the c-abl oncogene 1, non-receptor tyrosine kinase (Abl). (Class of assay: confirmatory) ";"F";"BAO_0000019";"assay format";"None";"None";"None";"None";"None";"";"";"";"CHEMBL3885630";"Ras and Rab interactor 1/Tyrosine-protein kinase ABL1";"Homo sapiens";"PROTEIN-PROTEIN INTERACTION";"CHEMBL1201862";"7";"PubChem BioAssays";"";"";"None";"";"";"";"0.61821"
"CHEMBL1325137";"";"None";"368.42";"0";"3.64";"SID7971690";"COC(=O)c1ccc(CSc2nnc(-c3c[nH]c4ccccc34)n2C)o1";"IC50";"'='";"13820.0";"nM";"4.86";"";"inactive";"UO_0000065";"";"";"";"";"0";"CHEMBL1963907";"PUBCHEM_BIOASSAY: TRFRET-based biochemical high throughput dose response assay for inhibitors of the interaction of the Ras and Rab interactor 1 protein (Rin1) and the c-abl oncogene 1, non-receptor tyrosine kinase (Abl). (Class of assay: confirmatory) ";"F";"BAO_0000019";"assay format";"None";"None";"None";"None";"None";"";"";"";"CHEMBL3885630";"Ras and Rab interactor 1/Tyrosine-protein kinase ABL1";"Homo sapiens";"PROTEIN-PROTEIN INTERACTION";"CHEMBL1201862";"7";"PubChem BioAssays";"";"";"None";"";"";"";"13.82"
"CHEMBL1335745";"";"None";"371.46";"0";"3.20";"SID24780919";"CC(=O)Nc1ccc(NC(=O)C2CCN(C(=O)c3cccs3)CC2)cc1";"IC50";"'='";"1899.0";"nM";"5.72";"";"active";"UO_0000065";"";"";"";"";"0";"CHEMBL1963907";"PUBCHEM_BIOASSAY: TRFRET-based biochemical high throughput dose response assay for inhibitors of the interaction of the Ras and Rab interactor 1 protein (Rin1) and the c-abl oncogene 1, non-receptor tyrosine kinase (Abl). (Class of assay: confirmatory) ";"F";"BAO_0000019";"assay format";"None";"None";"None";"None";"None";"";"";"";"CHEMBL3885630";"Ras and Rab interactor 1/Tyrosine-protein kinase ABL1";"Homo sapiens";"PROTEIN-PROTEIN INTERACTION";"CHEMBL1201862";"7";"PubChem BioAssays";"";"";"None";"";"";"";"1.899"
"CHEMBL1981314";"";"None";"409.54";"0";"4.02";"SID121284999";"CCC(c1nnnn1C1CCCCC1)N1CCC(n2c(O)nc3ccccc32)CC1";"IC50";"'='";"6291.0";"nM";"5.20";"";"active";"UO_0000065";"";"";"";"";"0";"CHEMBL1963907";"PUBCHEM_BIOASSAY: TRFRET-based biochemical high throughput dose response assay for inhibitors of the interaction of the Ras and Rab interactor 1 protein (Rin1) and the c-abl oncogene 1, non-receptor tyrosine kinase (Abl). (Class of assay: confirmatory) ";"F";"BAO_0000019";"assay format";"None";"None";"None";"None";"None";"";"";"";"CHEMBL3885630";"Ras and Rab interactor 1/Tyrosine-protein kinase ABL1";"Homo sapiens";"PROTEIN-PROTEIN INTERACTION";"CHEMBL1201862";"7";"PubChem BioAssays";"";"";"None";"";"";"";"6.291"
"CHEMBL1890857";"";"None";"562.73";"1";"3.99";"SID99358646";"C[C@@H]1CN([C@H](C)CO)S(=O)(=O)c2ccc(C#C[C@@H](C)O)cc2O[C@@H]1CN(C)Cc1ccc(-c2ccccc2)cc1";"IC50";"'='";"9678.0";"nM";"5.01";"";"active";"UO_0000065";"";"";"";"";"0";"CHEMBL1963907";"PUBCHEM_BIOASSAY: TRFRET-based biochemical high throughput dose response assay for inhibitors of the interaction of the Ras and Rab interactor 1 protein (Rin1) and the c-abl oncogene 1, non-receptor tyrosine kinase (Abl). (Class of assay: confirmatory) ";"F";"BAO_0000019";"assay format";"None";"None";"None";"None";"None";"";"";"";"CHEMBL3885630";"Ras and Rab interactor 1/Tyrosine-protein kinase ABL1";"Homo sapiens";"PROTEIN-PROTEIN INTERACTION";"CHEMBL1201862";"7";"PubChem BioAssays";"";"";"None";"";"";"";"9.678"
"CHEMBL1391220";"";"None";"334.37";"0";"2.44";"SID3715360";"COC(=O)c1ccc(COC(=O)C23CC4CC(CC(O)(C4)C2)C3)o1";"IC50";"'='";"17414.0";"nM";"4.76";"";"inactive";"UO_0000065";"";"";"";"";"0";"CHEMBL1963907";"PUBCHEM_BIOASSAY: TRFRET-based biochemical high throughput dose response assay for inhibitors of the interaction of the Ras and Rab interactor 1 protein (Rin1) and the c-abl oncogene 1, non-receptor tyrosine kinase (Abl). (Class of assay: confirmatory) ";"F";"BAO_0000019";"assay format";"None";"None";"None";"None";"None";"";"";"";"CHEMBL3885630";"Ras and Rab interactor 1/Tyrosine-protein kinase ABL1";"Homo sapiens";"PROTEIN-PROTEIN INTERACTION";"CHEMBL1201862";"7";"PubChem BioAssays";"";"";"None";"";"";"";"17.414"
"CHEMBL1868487";"";"None";"705.87";"1";"4.74";"SID99358978";"C[C@@H]1CCCCO[C@@H](CN(C)S(=O)(=O)c2ccccc2)[C@@H](C)CN([C@H](C)CO)C(=O)c2cc(NS(=O)(=O)c3ccc(F)cc3)ccc2O1";"IC50";"'='";"1896.0";"nM";"5.72";"";"active";"UO_0000065";"";"";"";"";"0";"CHEMBL1963907";"PUBCHEM_BIOASSAY: TRFRET-based biochemical high throughput dose response assay for inhibitors of the interaction of the Ras and Rab interactor 1 protein (Rin1) and the c-abl oncogene 1, non-receptor tyrosine kinase (Abl). (Class of assay: confirmatory) ";"F";"BAO_0000019";"assay format";"None";"None";"None";"None";"None";"";"";"";"CHEMBL3885630";"Ras and Rab interactor 1/Tyrosine-protein kinase ABL1";"Homo sapiens";"PROTEIN-PROTEIN INTERACTION";"CHEMBL1201862";"7";"PubChem BioAssays";"";"";"None";"";"";"";"1.896"
"CHEMBL1883137";"";"None";"696.89";"2";"6.10";"SID99358938";"CCOC(=O)CCCCCC(=O)Nc1ccc2c(c1)C(=O)N([C@H](C)CO)C[C@H](C)[C@@H](CN(C)C(=O)Nc1ccccc1)OCCCC[C@@H](C)O2";"IC50";"'='";"30838.0";"nM";"4.51";"";"inactive";"UO_0000065";"";"";"";"";"0";"CHEMBL1963907";"PUBCHEM_BIOASSAY: TRFRET-based biochemical high throughput dose response assay for inhibitors of the interaction of the Ras and Rab interactor 1 protein (Rin1) and the c-abl oncogene 1, non-receptor tyrosine kinase (Abl). (Class of assay: confirmatory) ";"F";"BAO_0000019";"assay format";"None";"None";"None";"None";"None";"";"";"";"CHEMBL3885630";"Ras and Rab interactor 1/Tyrosine-protein kinase ABL1";"Homo sapiens";"PROTEIN-PROTEIN INTERACTION";"CHEMBL1201862";"7";"PubChem BioAssays";"";"";"None";"";"";"";"30.838"
"CHEMBL1736479";"";"None";"594.76";"2";"5.55";"SID89855047";"CN(CCc1ccccc1)C(=O)c1ccc(NC(=O)Cc2ccc(NC(=O)C3CCN(C(=O)C4CCCC4)CC3)cc2)cc1";"IC50";"'='";"1378.0";"nM";"5.86";"";"active";"UO_0000065";"";"";"";"";"0";"CHEMBL1963907";"PUBCHEM_BIOASSAY: TRFRET-based biochemical high throughput dose response assay for inhibitors of the interaction of the Ras and Rab interactor 1 protein (Rin1) and the c-abl oncogene 1, non-receptor tyrosine kinase (Abl). (Class of assay: confirmatory) ";"F";"BAO_0000019";"assay format";"None";"None";"None";"None";"None";"";"";"";"CHEMBL3885630";"Ras and Rab interactor 1/Tyrosine-protein kinase ABL1";"Homo sapiens";"PROTEIN-PROTEIN INTERACTION";"CHEMBL1201862";"7";"PubChem BioAssays";"";"";"None";"";"";"";"1.378"
"CHEMBL1889110";"";"None";"329.38";"0";"3.15";"SID24830523";"COC(=O)c1ccc(CSc2nnc(-c3ccccc3)n2C)o1";"IC50";"'='";"14057.0";"nM";"4.85";"";"inactive";"UO_0000065";"";"";"";"";"0";"CHEMBL1963907";"PUBCHEM_BIOASSAY: TRFRET-based biochemical high throughput dose response assay for inhibitors of the interaction of the Ras and Rab interactor 1 protein (Rin1) and the c-abl oncogene 1, non-receptor tyrosine kinase (Abl). (Class of assay: confirmatory) ";"F";"BAO_0000019";"assay format";"None";"None";"None";"None";"None";"";"";"";"CHEMBL3885630";"Ras and Rab interactor 1/Tyrosine-protein kinase ABL1";"Homo sapiens";"PROTEIN-PROTEIN INTERACTION";"CHEMBL1201862";"7";"PubChem BioAssays";"";"";"None";"";"";"";"14.057"
"CHEMBL1557839";"";"None";"459.57";"0";"3.21";"SID57268266";"COc1ccc(S(=O)(=O)N2CCCCCC2)cc1C(=O)Nc1ccc(C(=O)N(C)C)cc1";"IC50";"'='";"8068.0";"nM";"5.09";"";"active";"UO_0000065";"";"";"";"";"0";"CHEMBL1963907";"PUBCHEM_BIOASSAY: TRFRET-based biochemical high throughput dose response assay for inhibitors of the interaction of the Ras and Rab interactor 1 protein (Rin1) and the c-abl oncogene 1, non-receptor tyrosine kinase (Abl). (Class of assay: confirmatory) ";"F";"BAO_0000019";"assay format";"None";"None";"None";"None";"None";"";"";"";"CHEMBL3885630";"Ras and Rab interactor 1/Tyrosine-protein kinase ABL1";"Homo sapiens";"PROTEIN-PROTEIN INTERACTION";"CHEMBL1201862";"7";"PubChem BioAssays";"";"";"None";"";"";"";"8.068"
"CHEMBL1336319";"";"None";"198.23";"0";"-0.22";"SID14721420";"CCCCN1C(=O)NC2NC(=O)NC21";"IC50";"'='";"905.0";"nM";"6.04";"";"active";"UO_0000065";"";"";"";"";"0";"CHEMBL1963907";"PUBCHEM_BIOASSAY: TRFRET-based biochemical high throughput dose response assay for inhibitors of the interaction of the Ras and Rab interactor 1 protein (Rin1) and the c-abl oncogene 1, non-receptor tyrosine kinase (Abl). (Class of assay: confirmatory) ";"F";"BAO_0000019";"assay format";"None";"None";"None";"None";"None";"";"";"";"CHEMBL3885630";"Ras and Rab interactor 1/Tyrosine-protein kinase ABL1";"Homo sapiens";"PROTEIN-PROTEIN INTERACTION";"CHEMBL1201862";"7";"PubChem BioAssays";"";"";"None";"";"";"";"0.905"
"CHEMBL1968257";"";"None";"625.76";"1";"4.15";"SID85272376";"CCOC(=O)CCCCCC(=O)Nc1ccc2c(c1)CC(=O)N([C@H](C)CO)C[C@@H](C)[C@H](CN(C)Cc1ccc3c(c1)OCO3)O2";"IC50";"'='";"30832.0";"nM";"4.51";"";"inactive";"UO_0000065";"";"";"";"";"0";"CHEMBL1963907";"PUBCHEM_BIOASSAY: TRFRET-based biochemical high throughput dose response assay for inhibitors of the interaction of the Ras and Rab interactor 1 protein (Rin1) and the c-abl oncogene 1, non-receptor tyrosine kinase (Abl). (Class of assay: confirmatory) ";"F";"BAO_0000019";"assay format";"None";"None";"None";"None";"None";"";"";"";"CHEMBL3885630";"Ras and Rab interactor 1/Tyrosine-protein kinase ABL1";"Homo sapiens";"PROTEIN-PROTEIN INTERACTION";"CHEMBL1201862";"7";"PubChem BioAssays";"";"";"None";"";"";"";"30.832"
"CHEMBL1348125";"";"None";"494.58";"0";"4.19";"SID17505256";"C=CCn1c2ccccc2c2nnc(SCc3nc(O)[nH]c3C(=O)CCCCC(=O)OCC)nc21";"IC50";"'='";"2187.0";"nM";"5.66";"";"active";"UO_0000065";"";"";"";"";"0";"CHEMBL1963907";"PUBCHEM_BIOASSAY: TRFRET-based biochemical high throughput dose response assay for inhibitors of the interaction of the Ras and Rab interactor 1 protein (Rin1) and the c-abl oncogene 1, non-receptor tyrosine kinase (Abl). (Class of assay: confirmatory) ";"F";"BAO_0000019";"assay format";"None";"None";"None";"None";"None";"";"";"";"CHEMBL3885630";"Ras and Rab interactor 1/Tyrosine-protein kinase ABL1";"Homo sapiens";"PROTEIN-PROTEIN INTERACTION";"CHEMBL1201862";"7";"PubChem BioAssays";"";"";"None";"";"";"";"2.187"
"CHEMBL1438236";"";"None";"424.55";"0";"3.36";"SID49819409";"CC12CCC(=O)N1C(C(=O)Nc1nnc(SCc3ccccc3F)s1)CS2";"IC50";"'='";"4082.0";"nM";"5.39";"";"active";"UO_0000065";"";"";"";"";"0";"CHEMBL1963907";"PUBCHEM_BIOASSAY: TRFRET-based biochemical high throughput dose response assay for inhibitors of the interaction of the Ras and Rab interactor 1 protein (Rin1) and the c-abl oncogene 1, non-receptor tyrosine kinase (Abl). (Class of assay: confirmatory) ";"F";"BAO_0000019";"assay format";"None";"None";"None";"None";"None";"";"";"";"CHEMBL3885630";"Ras and Rab interactor 1/Tyrosine-protein kinase ABL1";"Homo sapiens";"PROTEIN-PROTEIN INTERACTION";"CHEMBL1201862";"7";"PubChem BioAssays";"";"";"None";"";"";"";"4.082"
"CHEMBL1485830";"";"None";"367.24";"0";"2.57";"SID56323803";"Cc1c(C(=O)NCCN2CCOCC2)oc2ccc(Br)cc12";"IC50";"'='";"1025.0";"nM";"5.99";"";"active";"UO_0000065";"";"";"";"";"0";"CHEMBL1963907";"PUBCHEM_BIOASSAY: TRFRET-based biochemical high throughput dose response assay for inhibitors of the interaction of the Ras and Rab interactor 1 protein (Rin1) and the c-abl oncogene 1, non-receptor tyrosine kinase (Abl). (Class of assay: confirmatory) ";"F";"BAO_0000019";"assay format";"None";"None";"None";"None";"None";"";"";"";"CHEMBL3885630";"Ras and Rab interactor 1/Tyrosine-protein kinase ABL1";"Homo sapiens";"PROTEIN-PROTEIN INTERACTION";"CHEMBL1201862";"7";"PubChem BioAssays";"";"";"None";"";"";"";"1.025"
"CHEMBL1580441";"";"None";"345.31";"0";"2.28";"SID865243";"COc1cc(C(=O)Nc2ccc(O)cc2C(=O)O)ccc1OC(C)=O";"IC50";"'='";"659.08";"nM";"6.18";"";"active";"UO_0000065";"";"";"";"";"0";"CHEMBL1963907";"PUBCHEM_BIOASSAY: TRFRET-based biochemical high throughput dose response assay for inhibitors of the interaction of the Ras and Rab interactor 1 protein (Rin1) and the c-abl oncogene 1, non-receptor tyrosine kinase (Abl). (Class of assay: confirmatory) ";"F";"BAO_0000019";"assay format";"None";"None";"None";"None";"None";"";"";"";"CHEMBL3885630";"Ras and Rab interactor 1/Tyrosine-protein kinase ABL1";"Homo sapiens";"PROTEIN-PROTEIN INTERACTION";"CHEMBL1201862";"7";"PubChem BioAssays";"";"";"None";"";"";"";"0.65908"
"CHEMBL1585699";"";"None";"392.48";"0";"3.12";"SID7975317";"CCOC(=O)CCCCC(=O)c1[nH]c(O)nc1CSc1nc(C)cc(C)n1";"IC50";"'='";"2386.0";"nM";"5.62";"";"active";"UO_0000065";"";"";"";"";"0";"CHEMBL1963907";"PUBCHEM_BIOASSAY: TRFRET-based biochemical high throughput dose response assay for inhibitors of the interaction of the Ras and Rab interactor 1 protein (Rin1) and the c-abl oncogene 1, non-receptor tyrosine kinase (Abl). (Class of assay: confirmatory) ";"F";"BAO_0000019";"assay format";"None";"None";"None";"None";"None";"";"";"";"CHEMBL3885630";"Ras and Rab interactor 1/Tyrosine-protein kinase ABL1";"Homo sapiens";"PROTEIN-PROTEIN INTERACTION";"CHEMBL1201862";"7";"PubChem BioAssays";"";"";"None";"";"";"";"2.386"
"CHEMBL1585740";"";"None";"260.25";"0";"0.59";"SID17511669";"CC(=O)C(C(C)=O)C1(O)C(=O)c2ccccc2C1=O";"IC50";"'>'";"73496.0";"nM";"";"";"inactive";"UO_0000065";"";"";"";"";"0";"CHEMBL1963907";"PUBCHEM_BIOASSAY: TRFRET-based biochemical high throughput dose response assay for inhibitors of the interaction of the Ras and Rab interactor 1 protein (Rin1) and the c-abl oncogene 1, non-receptor tyrosine kinase (Abl). (Class of assay: confirmatory) ";"F";"BAO_0000019";"assay format";"None";"None";"None";"None";"None";"";"";"";"CHEMBL3885630";"Ras and Rab interactor 1/Tyrosine-protein kinase ABL1";"Homo sapiens";"PROTEIN-PROTEIN INTERACTION";"CHEMBL1201862";"7";"PubChem BioAssays";"";"";"None";"";"";"";"73.496"
"CHEMBL1865875";"";"None";"544.70";"1";"4.86";"SID89855087";"CN(C(=O)c1ccc(NC(=O)Cc2cccc(NC(=O)C3CCN(C(=O)C4CCCCC4)CC3)c2)cc1)C1CC1";"IC50";"'='";"18942.0";"nM";"4.72";"";"inactive";"UO_0000065";"";"";"";"";"0";"CHEMBL1963907";"PUBCHEM_BIOASSAY: TRFRET-based biochemical high throughput dose response assay for inhibitors of the interaction of the Ras and Rab interactor 1 protein (Rin1) and the c-abl oncogene 1, non-receptor tyrosine kinase (Abl). (Class of assay: confirmatory) ";"F";"BAO_0000019";"assay format";"None";"None";"None";"None";"None";"";"";"";"CHEMBL3885630";"Ras and Rab interactor 1/Tyrosine-protein kinase ABL1";"Homo sapiens";"PROTEIN-PROTEIN INTERACTION";"CHEMBL1201862";"7";"PubChem BioAssays";"";"";"None";"";"";"";"18.942"
"CHEMBL1383104";"";"None";"441.49";"0";"3.43";"SID4260091";"CCC(c1nc2ccccc2c(=O)n1CCCn1ccnc1)N1C(=O)c2ccccc2C1=O";"IC50";"'='";"35160.0";"nM";"4.45";"";"inactive";"UO_0000065";"";"";"";"";"0";"CHEMBL1963907";"PUBCHEM_BIOASSAY: TRFRET-based biochemical high throughput dose response assay for inhibitors of the interaction of the Ras and Rab interactor 1 protein (Rin1) and the c-abl oncogene 1, non-receptor tyrosine kinase (Abl). (Class of assay: confirmatory) ";"F";"BAO_0000019";"assay format";"None";"None";"None";"None";"None";"";"";"";"CHEMBL3885630";"Ras and Rab interactor 1/Tyrosine-protein kinase ABL1";"Homo sapiens";"PROTEIN-PROTEIN INTERACTION";"CHEMBL1201862";"7";"PubChem BioAssays";"";"";"None";"";"";"";"35.16"
"CHEMBL1343539";"";"None";"303.41";"0";"2.95";"SID4257231";"Cc1ccc(NC(=O)CCCCCC2NC(=O)NC2C)cc1";"IC50";"'='";"14.53";"nM";"7.84";"";"active";"UO_0000065";"";"";"";"";"0";"CHEMBL1963907";"PUBCHEM_BIOASSAY: TRFRET-based biochemical high throughput dose response assay for inhibitors of the interaction of the Ras and Rab interactor 1 protein (Rin1) and the c-abl oncogene 1, non-receptor tyrosine kinase (Abl). (Class of assay: confirmatory) ";"F";"BAO_0000019";"assay format";"None";"None";"None";"None";"None";"";"";"";"CHEMBL3885630";"Ras and Rab interactor 1/Tyrosine-protein kinase ABL1";"Homo sapiens";"PROTEIN-PROTEIN INTERACTION";"CHEMBL1201862";"7";"PubChem BioAssays";"";"";"None";"";"";"";"0.01453"
"CHEMBL1492247";"";"None";"467.35";"1";"5.08";"SID24786693";"O=C(O)c1ccc(CSc2nnc(-c3cccnc3)n2-c2ccc(Br)cc2)cc1";"IC50";"'='";"11849.0";"nM";"4.93";"";"inactive";"UO_0000065";"";"";"";"";"0";"CHEMBL1963907";"PUBCHEM_BIOASSAY: TRFRET-based biochemical high throughput dose response assay for inhibitors of the interaction of the Ras and Rab interactor 1 protein (Rin1) and the c-abl oncogene 1, non-receptor tyrosine kinase (Abl). (Class of assay: confirmatory) ";"F";"BAO_0000019";"assay format";"None";"None";"None";"None";"None";"";"";"";"CHEMBL3885630";"Ras and Rab interactor 1/Tyrosine-protein kinase ABL1";"Homo sapiens";"PROTEIN-PROTEIN INTERACTION";"CHEMBL1201862";"7";"PubChem BioAssays";"";"";"None";"";"";"";"11.849"
"CHEMBL1506655";"";"None";"328.28";"0";"1.40";"SID3712869";"COC(=O)c1ccc(COC(=O)c2ccc(-n3cnnn3)cc2)o1";"IC50";"'='";"21055.0";"nM";"4.68";"";"inactive";"UO_0000065";"";"";"";"";"0";"CHEMBL1963907";"PUBCHEM_BIOASSAY: TRFRET-based biochemical high throughput dose response assay for inhibitors of the interaction of the Ras and Rab interactor 1 protein (Rin1) and the c-abl oncogene 1, non-receptor tyrosine kinase (Abl). (Class of assay: confirmatory) ";"F";"BAO_0000019";"assay format";"None";"None";"None";"None";"None";"";"";"";"CHEMBL3885630";"Ras and Rab interactor 1/Tyrosine-protein kinase ABL1";"Homo sapiens";"PROTEIN-PROTEIN INTERACTION";"CHEMBL1201862";"7";"PubChem BioAssays";"";"";"None";"";"";"";"21.055"
"CHEMBL1303555";"";"None";"399.48";"0";"2.98";"SID7968624";"COc1ccc2nc(NC(=O)CCc3nc(C4=CCN(C)CC4)no3)sc2c1";"IC50";"'='";"1405.0";"nM";"5.85";"";"active";"UO_0000065";"";"";"";"";"0";"CHEMBL1963907";"PUBCHEM_BIOASSAY: TRFRET-based biochemical high throughput dose response assay for inhibitors of the interaction of the Ras and Rab interactor 1 protein (Rin1) and the c-abl oncogene 1, non-receptor tyrosine kinase (Abl). (Class of assay: confirmatory) ";"F";"BAO_0000019";"assay format";"None";"None";"None";"None";"None";"";"";"";"CHEMBL3885630";"Ras and Rab interactor 1/Tyrosine-protein kinase ABL1";"Homo sapiens";"PROTEIN-PROTEIN INTERACTION";"CHEMBL1201862";"7";"PubChem BioAssays";"";"";"None";"";"";"";"1.405"
"CHEMBL1497777";"";"None";"391.47";"0";"1.46";"SID87340996";"CCOC(=O)N1CCC(NC(=O)CCc2nc(C3=CCN(C)CC3)no2)CC1";"IC50";"'='";"5105.0";"nM";"5.29";"";"active";"UO_0000065";"";"";"";"";"0";"CHEMBL1963907";"PUBCHEM_BIOASSAY: TRFRET-based biochemical high throughput dose response assay for inhibitors of the interaction of the Ras and Rab interactor 1 protein (Rin1) and the c-abl oncogene 1, non-receptor tyrosine kinase (Abl). (Class of assay: confirmatory) ";"F";"BAO_0000019";"assay format";"None";"None";"None";"None";"None";"";"";"";"CHEMBL3885630";"Ras and Rab interactor 1/Tyrosine-protein kinase ABL1";"Homo sapiens";"PROTEIN-PROTEIN INTERACTION";"CHEMBL1201862";"7";"PubChem BioAssays";"";"";"None";"";"";"";"5.105"
"CHEMBL1714844";"";"None";"386.48";"0";"4.32";"SID57258718";"CCCCc1nnc(NC(=O)c2ccc(OCc3c(C)noc3C)cc2)s1";"IC50";"'>'";"73475.0";"nM";"";"";"inactive";"UO_0000065";"";"";"";"";"0";"CHEMBL1963907";"PUBCHEM_BIOASSAY: TRFRET-based biochemical high throughput dose response assay for inhibitors of the interaction of the Ras and Rab interactor 1 protein (Rin1) and the c-abl oncogene 1, non-receptor tyrosine kinase (Abl). (Class of assay: confirmatory) ";"F";"BAO_0000019";"assay format";"None";"None";"None";"None";"None";"";"";"";"CHEMBL3885630";"Ras and Rab interactor 1/Tyrosine-protein kinase ABL1";"Homo sapiens";"PROTEIN-PROTEIN INTERACTION";"CHEMBL1201862";"7";"PubChem BioAssays";"";"";"None";"";"";"";"73.475"
"CHEMBL1903124";"";"None";"466.54";"0";"3.53";"SID99358886";"COc1ccc(CN(C)CCCn2ccc(NC(=O)OCc3ccccc3)nc2=O)cc1OC";"IC50";"'='";"23539.0";"nM";"4.63";"";"inactive";"UO_0000065";"";"";"";"";"0";"CHEMBL1963907";"PUBCHEM_BIOASSAY: TRFRET-based biochemical high throughput dose response assay for inhibitors of the interaction of the Ras and Rab interactor 1 protein (Rin1) and the c-abl oncogene 1, non-receptor tyrosine kinase (Abl). (Class of assay: confirmatory) ";"F";"BAO_0000019";"assay format";"None";"None";"None";"None";"None";"";"";"";"CHEMBL3885630";"Ras and Rab interactor 1/Tyrosine-protein kinase ABL1";"Homo sapiens";"PROTEIN-PROTEIN INTERACTION";"CHEMBL1201862";"7";"PubChem BioAssays";"";"";"None";"";"";"";"23.539"
"CHEMBL1551052";"";"None";"417.53";"0";"4.87";"SID56316237";"N#Cc1ccccc1Sc1ccccc1C(=O)NCC(c1ccco1)N1CCCC1";"IC50";"'='";"2484.0";"nM";"5.61";"";"active";"UO_0000065";"";"";"";"";"0";"CHEMBL1963907";"PUBCHEM_BIOASSAY: TRFRET-based biochemical high throughput dose response assay for inhibitors of the interaction of the Ras and Rab interactor 1 protein (Rin1) and the c-abl oncogene 1, non-receptor tyrosine kinase (Abl). (Class of assay: confirmatory) ";"F";"BAO_0000019";"assay format";"None";"None";"None";"None";"None";"";"";"";"CHEMBL3885630";"Ras and Rab interactor 1/Tyrosine-protein kinase ABL1";"Homo sapiens";"PROTEIN-PROTEIN INTERACTION";"CHEMBL1201862";"7";"PubChem BioAssays";"";"";"None";"";"";"";"2.484"
